hanhui1000002,华AZI419,2017-01-08 19:01:50,19,3.0,4.0,5.0,5.0,93.0,41.0,41.0,285.0,45.0,2.0,5.0
hanhui1000002,华AZI419,2017-01-11 05:00:27,5,5.0,5.0,3.0,3.0,23.0,35.0,35.0,333.0,40.0,6.0,4.0
haowei1000008,华A709GB,2017-01-04 19:00:26,19,5.0,2.0,4.0,4.0,100.0,31.0,31.0,417.0,45.0,7.0,3.0
haowei1000008,华A709GB,2017-01-05 06:03:30,6,5.0,5.0,6.0,6.0,34.0,38.0,38.0,250.0,36.0,"",4.0
haowei1000008,华A709GB,2017-01-08 02:02:35,2,5.0,4.0,6.0,6.0,25.0,38.0,38.0,341.0,54.0,7.0,2.0
haowei1000008,华A709GB,2017-01-08 16:00:53,16,4.0,2.0,6.0,6.0,37.0,34.0,34.0,253.0,36.0,4.0,3.0
haowei1000008,华A709GB,2017-01-10 05:01:03,5,9.0,7.0,2.0,2.0,75.0,37.0,37.0,420.0,43.0,4.0,3.0
haowei1000008,华A709GB,2017-01-10 21:01:26,21,4.0,8.0,4.0,4.0,47.0,29.0,29.0,307.0,51.0,7.0,9.0
likun1000003,华AVM936,2017-01-05 16:00:04,16,2.0,3.0,3.0,3.0,15.0,39.0,39.0,387.0,33.0,7.0,5.0
likun1000003,华AVM936,2017-01-10 16:00:01,16,6.0,1.0,3.0,3.0,22.0,43.0,43.0,289.0,48.0,1.0,6.0
panxian1000005,华AX542C,2017-01-03 03:00:00,3,4.0,1.0,2.0,2.0,0.0,22.0,23.0,274.0,21.0,5.0,2.0
panxian1000005,华AX542C,2017-01-04 03:00:02,3,4.0,2.0,1.0,1.0,7.0,31.0,31.0,381.0,25.0,2.0,3.0
panxian1000005,华AX542C,2017-01-06 19:00:04,19,1.0,2.0,1.0,1.0,14.0,38.0,38.0,436.0,29.0,4.0,3.0
panxian1000005,华AX542C,2017-01-07 23:00:04,23,4.0,2.0,2.0,2.0,34.0,12.0,13.0,89.0,14.0,"",1.0
shenxian1000004,华ADJ750,2017-01-04 02:00:53,2,6.0,3.0,3.0,3.0,36.0,25.0,25.0,243.0,56.0,7.0,2.0
shenxian1000004,华ADJ750,2017-01-04 06:00:07,6,4.0,1.0,2.0,2.0,4.0,49.0,50.0,475.0,54.0,2.0,4.0
shenxian1000004,华ADJ750,2017-01-10 17:00:50,17,2.0,3.0,"","","",33.0,33.0,330.0,30.0,5.0,4.0
shenxian1000004,华ADJ750,2017-01-10 18:01:28,18,3.0,4.0,2.0,2.0,27.0,39.0,39.0,447.0,47.0,2.0,2.0
xiexiao1000001,华AEB132,2017-01-03 17:00:12,17,5.0,"",3.0,3.0,37.0,32.0,32.0,318.0,35.0,10.0,2.0
xiezhi1000006,华A6CU11,2017-01-01 12:00:12,12,1.0,2.0,3.0,3.0,30.0,38.0,38.0,447.0,35.0,4.0,2.0
xiezhi1000006,华A6CU11,2017-01-03 18:00:10,18,2.0,4.0,4.0,4.0,10.0,34.0,34.0,311.0,44.0,4.0,3.0
xiezhi1000006,华A6CU11,2017-01-03 20:00:15,20,5.0,5.0,2.0,2.0,0.0,29.0,29.0,235.0,33.0,5.0,3.0
xiezhi1000006,华A6CU11,2017-01-04 02:00:11,2,3.0,5.0,1.0,1.0,0.0,34.0,34.0,299.0,43.0,4.0,3.0
xiezhi1000006,华A6CU11,2017-01-07 06:00:35,6,4.0,10.0,2.0,2.0,36.0,34.0,35.0,428.0,35.0,8.0,4.0
xiezhi1000006,华A6CU11,2017-01-09 19:00:07,19,4.0,7.0,5.0,5.0,21.0,41.0,41.0,229.0,38.0,8.0,7.0
zengpeng1000000,华AZQ110,2017-01-08 21:01:08,21,4.0,2.0,4.0,4.0,57.0,34.0,34.0,304.0,35.0,4.0,2.0
zengpeng1000000,华AZQ110,2017-01-10 23:00:19,23,2.0,3.0,4.0,4.0,9.0,32.0,32.0,327.0,42.0,2.0,1.0
zengpeng1000000,华AZQ110,2017-01-11 01:00:07,1,6.0,1.0,1.0,1.0,33.0,18.0,18.0,127.0,37.0,"",1.0
zouan1000007,华A58M83,2017-01-02 19:00:28,19,3.0,5.0,9.0,9.0,108.0,39.0,39.0,330.0,28.0,3.0,6.0
zouan1000007,华A58M83,2017-01-04 18:00:10,18,5.0,3.0,5.0,5.0,48.0,31.0,32.0,262.0,44.0,3.0,5.0
zouan1000007,华A58M83,2017-01-07 17:00:31,17,4.0,5.0,3.0,3.0,45.0,41.0,41.0,303.0,51.0,5.0,5.0
zouan1000007,华A58M83,2017-01-08 05:01:09,5,1.0,3.0,4.0,4.0,22.0,36.0,36.0,295.0,41.0,3.0,1.0
zouan1000007,华A58M83,2017-01-08 18:01:00,18,"",5.0,2.0,2.0,68.0,18.0,18.0,149.0,51.0,1.0,5.0
zouan1000007,华A58M83,2017-01-09 22:00:06,22,3.0,4.0,2.0,3.0,52.0,35.0,35.0,349.0,41.0,5.0,5.0
zouan1000007,华A58M83,2017-01-10 02:00:41,2,8.0,6.0,1.0,1.0,14.0,40.0,40.0,333.0,35.0,3.0,5.0
zouan1000007,华A58M83,2017-01-10 05:01:25,5,2.0,5.0,3.0,3.0,13.0,41.0,41.0,475.0,34.0,3.0,3.0
duxu1000009,华AT75H8,2017-01-04 07:00:11,7,1.0,5.0,2.0,2.0,3.0,43.0,43.0,443.0,43.0,3.0,2.0
duxu1000009,华AT75H8,2017-01-07 17:01:12,17,7.0,2.0,7.0,7.0,43.0,22.0,22.0,99.0,37.0,4.0,3.0
hanhui1000002,华AZI419,2017-01-01 22:01:26,22,1.0,2.0,2.0,2.0,1.0,3.0,3.0,11.0,2.0,"",""
hanhui1000002,华AZI419,2017-01-05 18:00:14,18,4.0,3.0,2.0,2.0,16.0,22.0,21.0,100.0,34.0,1.0,3.0
hanhui1000002,华AZI419,2017-01-07 01:00:03,1,3.0,5.0,5.0,5.0,58.0,36.0,37.0,307.0,47.0,5.0,4.0
hanhui1000002,华AZI419,2017-01-08 17:00:00,17,3.0,9.0,2.0,2.0,12.0,32.0,32.0,364.0,30.0,7.0,2.0
hanhui1000002,华AZI419,2017-01-09 07:04:04,7,6.0,4.0,5.0,5.0,28.0,32.0,32.0,494.0,41.0,6.0,4.0
hanhui1000002,华AZI419,2017-01-10 21:00:43,21,3.0,3.0,1.0,1.0,0.0,35.0,35.0,275.0,34.0,3.0,4.0
haowei1000008,华A709GB,2017-01-10 22:01:04,22,5.0,3.0,5.0,5.0,74.0,30.0,30.0,227.0,48.0,5.0,6.0
likun1000003,华AVM936,2017-01-08 20:00:12,20,7.0,1.0,5.0,5.0,36.0,24.0,24.0,222.0,42.0,6.0,3.0
likun1000003,华AVM936,2017-01-09 02:00:22,2,6.0,3.0,3.0,3.0,9.0,39.0,39.0,234.0,28.0,5.0,3.0
likun1000003,华AVM936,2017-01-09 17:04:44,17,2.0,2.0,1.0,1.0,8.0,35.0,35.0,236.0,22.0,"",6.0
panxian1000005,华AX542C,2017-01-02 23:00:28,23,5.0,2.0,6.0,6.0,15.0,24.0,24.0,235.0,44.0,2.0,4.0
panxian1000005,华AX542C,2017-01-04 16:00:30,16,9.0,4.0,1.0,1.0,2.0,30.0,30.0,336.0,55.0,3.0,4.0
panxian1000005,华AX542C,2017-01-09 21:00:19,21,4.0,3.0,1.0,1.0,15.0,34.0,34.0,315.0,40.0,5.0,4.0
panxian1000005,华AX542C,2017-01-10 21:00:58,21,3.0,2.0,"","","",42.0,42.0,358.0,42.0,2.0,5.0
shenxian1000004,华ADJ750,2017-01-04 08:00:33,8,1.0,1.0,1.0,1.0,10.0,11.0,11.0,112.0,14.0,2.0,""
xiexiao1000001,华AEB132,2017-01-01 11:00:18,11,4.0,4.0,7.0,7.0,94.0,29.0,29.0,315.0,43.0,2.0,2.0
xiexiao1000001,华AEB132,2017-01-01 19:00:12,19,2.0,1.0,4.0,4.0,25.0,27.0,27.0,260.0,33.0,4.0,1.0
xiexiao1000001,华AEB132,2017-01-02 17:00:38,17,1.0,4.0,3.0,3.0,36.0,33.0,33.0,250.0,32.0,3.0,1.0
xiexiao1000001,华AEB132,2017-01-08 23:00:15,23,4.0,3.0,5.0,5.0,39.0,29.0,29.0,382.0,36.0,1.0,6.0
xiezhi1000006,华A6CU11,2017-01-01 15:00:28,15,2.0,3.0,6.0,6.0,56.0,32.0,32.0,357.0,43.0,5.0,5.0
xiezhi1000006,华A6CU11,2017-01-03 16:00:05,16,"",7.0,5.0,5.0,69.0,35.0,35.0,404.0,38.0,5.0,3.0
xiezhi1000006,华A6CU11,2017-01-04 01:00:58,1,1.0,2.0,2.0,2.0,17.0,29.0,29.0,236.0,32.0,4.0,7.0
xiezhi1000006,华A6CU11,2017-01-07 02:01:03,2,5.0,6.0,4.0,4.0,68.0,31.0,30.0,396.0,39.0,2.0,6.0
xiezhi1000006,华A6CU11,2017-01-07 03:00:03,3,2.0,3.0,4.0,4.0,37.0,22.0,23.0,134.0,43.0,3.0,6.0
xiezhi1000006,华A6CU11,2017-01-10 16:00:10,16,3.0,6.0,4.0,4.0,10.0,28.0,28.0,365.0,38.0,2.0,4.0
xiezhi1000006,华A6CU11,2017-01-10 21:00:06,21,5.0,3.0,8.0,8.0,68.0,34.0,34.0,360.0,33.0,3.0,5.0
xiezhi1000006,华A6CU11,2017-01-11 02:02:23,2,4.0,5.0,1.0,1.0,7.0,30.0,30.0,393.0,54.0,4.0,4.0
zengpeng1000000,华AZQ110,2017-01-03 17:01:00,17,1.0,4.0,2.0,2.0,18.0,30.0,30.0,212.0,43.0,4.0,7.0
zengpeng1000000,华AZQ110,2017-01-10 21:00:36,21,10.0,6.0,7.0,7.0,39.0,38.0,38.0,339.0,33.0,3.0,5.0
zouan1000007,华A58M83,2017-01-02 21:00:39,21,2.0,3.0,6.0,6.0,32.0,33.0,33.0,430.0,40.0,3.0,""
zouan1000007,华A58M83,2017-01-07 20:00:51,20,7.0,2.0,7.0,7.0,124.0,28.0,28.0,274.0,34.0,7.0,3.0
zouan1000007,华A58M83,2017-01-08 16:00:11,16,3.0,4.0,2.0,2.0,10.0,37.0,37.0,353.0,31.0,2.0,4.0
zouan1000007,华A58M83,2017-01-09 21:01:59,21,6.0,3.0,7.0,6.0,57.0,43.0,43.0,590.0,43.0,5.0,6.0
zouan1000007,华A58M83,2017-01-10 06:00:33,6,2.0,4.0,1.0,1.0,3.0,35.0,35.0,326.0,31.0,3.0,10.0
duxu1000009,华AT75H8,2017-01-04 03:00:40,3,3.0,6.0,1.0,1.0,31.0,32.0,32.0,348.0,34.0,2.0,5.0
duxu1000009,华AT75H8,2017-01-04 06:01:55,6,5.0,1.0,5.0,5.0,51.0,26.0,26.0,251.0,43.0,5.0,3.0
duxu1000009,华AT75H8,2017-01-05 20:00:04,20,2.0,6.0,2.0,2.0,61.0,28.0,28.0,160.0,42.0,4.0,3.0
duxu1000009,华AT75H8,2017-01-06 18:00:53,18,4.0,5.0,4.0,4.0,19.0,28.0,28.0,364.0,49.0,5.0,5.0
hanhui1000002,华AZI419,2017-01-01 16:00:01,16,5.0,"",1.0,1.0,30.0,40.0,40.0,387.0,51.0,5.0,4.0
hanhui1000002,华AZI419,2017-01-04 21:00:10,21,7.0,2.0,7.0,7.0,46.0,37.0,38.0,345.0,48.0,8.0,2.0
hanhui1000002,华AZI419,2017-01-06 00:00:41,0,4.0,2.0,2.0,2.0,46.0,29.0,29.0,233.0,38.0,3.0,4.0
hanhui1000002,华AZI419,2017-01-07 19:01:56,19,2.0,4.0,3.0,3.0,38.0,28.0,28.0,307.0,41.0,4.0,10.0
haowei1000008,华A709GB,2017-01-02 19:01:35,19,5.0,3.0,3.0,3.0,37.0,25.0,25.0,215.0,45.0,3.0,1.0
haowei1000008,华A709GB,2017-01-07 18:00:06,18,4.0,4.0,3.0,3.0,8.0,30.0,30.0,261.0,47.0,7.0,8.0
haowei1000008,华A709GB,2017-01-07 19:00:05,19,4.0,3.0,3.0,3.0,112.0,29.0,29.0,340.0,40.0,3.0,6.0
likun1000003,华AVM936,2017-01-08 17:00:35,17,2.0,6.0,1.0,1.0,4.0,25.0,25.0,174.0,38.0,3.0,3.0
panxian1000005,华AX542C,2017-01-05 20:00:05,20,3.0,8.0,4.0,4.0,41.0,42.0,42.0,412.0,50.0,3.0,5.0
panxian1000005,华AX542C,2017-01-07 20:00:08,20,3.0,4.0,3.0,3.0,21.0,35.0,35.0,365.0,35.0,3.0,2.0
panxian1000005,华AX542C,2017-01-09 00:00:19,0,3.0,3.0,2.0,2.0,16.0,29.0,29.0,297.0,42.0,3.0,5.0
panxian1000005,华AX542C,2017-01-09 02:00:20,2,3.0,6.0,1.0,1.0,0.0,37.0,37.0,331.0,39.0,4.0,5.0
panxian1000005,华AX542C,2017-01-10 03:00:34,3,3.0,3.0,4.0,4.0,44.0,37.0,37.0,347.0,41.0,6.0,7.0
shenxian1000004,华ADJ750,2017-01-03 17:00:19,17,6.0,4.0,1.0,1.0,5.0,31.0,31.0,175.0,55.0,3.0,6.0
shenxian1000004,华ADJ750,2017-01-07 21:00:09,21,6.0,6.0,2.0,2.0,13.0,39.0,40.0,448.0,47.0,8.0,5.0
shenxian1000004,华ADJ750,2017-01-08 16:00:39,16,1.0,3.0,8.0,8.0,75.0,28.0,28.0,424.0,34.0,7.0,2.0
shenxian1000004,华ADJ750,2017-01-09 21:01:34,21,"","","","","",3.0,3.0,32.0,5.0,1.0,1.0
shenxian1000004,华ADJ750,2017-01-11 03:00:04,3,"",4.0,3.0,3.0,16.0,29.0,29.0,294.0,38.0,2.0,5.0
xiexiao1000001,华AEB132,2017-01-03 03:00:46,3,"",1.0,"","","",11.0,10.0,56.0,10.0,"",""
xiexiao1000001,华AEB132,2017-01-09 18:00:28,18,4.0,9.0,4.0,4.0,101.0,21.0,21.0,269.0,37.0,5.0,4.0
xiexiao1000001,华AEB132,2017-01-09 19:01:04,19,4.0,2.0,7.0,7.0,15.0,30.0,30.0,279.0,47.0,5.0,1.0
xiezhi1000006,华A6CU11,2017-01-04 00:00:29,0,7.0,4.0,3.0,3.0,18.0,31.0,31.0,300.0,29.0,7.0,3.0
xiezhi1000006,华A6CU11,2017-01-04 21:00:22,21,5.0,7.0,3.0,3.0,16.0,47.0,47.0,374.0,42.0,3.0,""
xiezhi1000006,华A6CU11,2017-01-06 21:00:55,21,5.0,5.0,4.0,4.0,33.0,36.0,36.0,242.0,40.0,4.0,5.0
xiezhi1000006,华A6CU11,2017-01-10 19:00:13,19,7.0,3.0,3.0,3.0,17.0,38.0,38.0,285.0,35.0,6.0,5.0
zengpeng1000000,华AZQ110,2017-01-01 10:01:27,10,6.0,6.0,5.0,5.0,9.0,38.0,39.0,530.0,41.0,7.0,7.0
zengpeng1000000,华AZQ110,2017-01-03 16:00:56,16,3.0,5.0,3.0,3.0,39.0,32.0,32.0,235.0,33.0,4.0,3.0
zengpeng1000000,华AZQ110,2017-01-08 18:02:35,18,6.0,4.0,1.0,1.0,1.0,42.0,42.0,424.0,53.0,4.0,4.0
zengpeng1000000,华AZQ110,2017-01-10 16:01:49,16,2.0,3.0,3.0,3.0,62.0,36.0,36.0,274.0,38.0,5.0,4.0
zouan1000007,华A58M83,2017-01-04 20:00:59,20,4.0,2.0,2.0,2.0,59.0,28.0,28.0,291.0,35.0,5.0,5.0
zouan1000007,华A58M83,2017-01-06 17:00:05,17,6.0,3.0,2.0,2.0,18.0,33.0,33.0,265.0,43.0,3.0,6.0
hanhui1000002,华AZI419,2017-01-01 18:00:23,18,8.0,3.0,2.0,2.0,9.0,26.0,26.0,218.0,33.0,3.0,2.0
hanhui1000002,华AZI419,2017-01-02 21:03:01,21,2.0,2.0,3.0,3.0,67.0,31.0,31.0,321.0,36.0,3.0,4.0
hanhui1000002,华AZI419,2017-01-03 01:01:12,1,2.0,2.0,1.0,1.0,25.0,16.0,16.0,176.0,12.0,5.0,1.0
hanhui1000002,华AZI419,2017-01-10 17:00:41,17,7.0,6.0,6.0,6.0,58.0,37.0,37.0,264.0,30.0,6.0,4.0
haowei1000008,华A709GB,2017-01-05 07:00:19,7,"","","","","","","","",1.0,"",""
haowei1000008,华A709GB,2017-01-09 20:00:15,20,4.0,4.0,5.0,5.0,88.0,39.0,39.0,418.0,44.0,3.0,4.0
haowei1000008,华A709GB,2017-01-10 00:00:29,0,2.0,1.0,1.0,1.0,2.0,41.0,41.0,526.0,42.0,5.0,4.0
haowei1000008,华A709GB,2017-01-10 02:00:25,2,4.0,3.0,3.0,3.0,16.0,32.0,33.0,393.0,37.0,3.0,3.0
haowei1000008,华A709GB,2017-01-11 03:00:13,3,2.0,3.0,1.0,1.0,1.0,29.0,28.0,319.0,30.0,3.0,1.0
likun1000003,华AVM936,2017-01-05 03:00:12,3,3.0,6.0,1.0,1.0,8.0,38.0,38.0,366.0,29.0,6.0,1.0
likun1000003,华AVM936,2017-01-05 04:00:02,4,6.0,6.0,5.0,5.0,62.0,36.0,35.0,279.0,48.0,1.0,4.0
likun1000003,华AVM936,2017-01-09 16:00:01,16,2.0,5.0,1.0,1.0,1.0,31.0,31.0,372.0,45.0,3.0,2.0
likun1000003,华AVM936,2017-01-09 21:01:29,21,3.0,5.0,3.0,3.0,21.0,29.0,29.0,283.0,41.0,4.0,1.0
panxian1000005,华AX542C,2017-01-01 09:00:14,9,2.0,6.0,4.0,4.0,59.0,38.0,37.0,388.0,47.0,4.0,6.0
panxian1000005,华AX542C,2017-01-06 23:00:35,23,4.0,8.0,3.0,3.0,51.0,30.0,30.0,267.0,32.0,2.0,""
panxian1000005,华AX542C,2017-01-07 02:00:00,2,1.0,6.0,5.0,5.0,56.0,37.0,37.0,249.0,28.0,3.0,6.0
panxian1000005,华AX542C,2017-01-08 17:00:44,17,3.0,2.0,2.0,2.0,10.0,37.0,37.0,308.0,41.0,3.0,3.0
panxian1000005,华AX542C,2017-01-09 19:00:12,19,7.0,"",2.0,2.0,6.0,32.0,32.0,269.0,50.0,6.0,5.0
panxian1000005,华AX542C,2017-01-10 04:00:46,4,3.0,4.0,2.0,2.0,29.0,27.0,27.0,313.0,37.0,1.0,6.0
panxian1000005,华AX542C,2017-01-11 00:02:45,0,4.0,5.0,2.0,2.0,61.0,36.0,36.0,350.0,35.0,4.0,2.0
shenxian1000004,华ADJ750,2017-01-04 07:01:01,7,3.0,4.0,4.0,4.0,97.0,33.0,33.0,370.0,36.0,9.0,4.0
shenxian1000004,华ADJ750,2017-01-05 21:01:04,21,4.0,6.0,3.0,3.0,18.0,39.0,39.0,483.0,40.0,2.0,3.0
shenxian1000004,华ADJ750,2017-01-07 23:00:53,23,5.0,3.0,1.0,1.0,0.0,30.0,30.0,324.0,40.0,4.0,2.0
xiexiao1000001,华AEB132,2017-01-10 20:00:29,20,3.0,3.0,6.0,6.0,22.0,38.0,38.0,420.0,37.0,5.0,3.0
xiezhi1000006,华A6CU11,2017-01-04 06:00:05,6,1.0,3.0,1.0,1.0,7.0,14.0,14.0,87.0,15.0,2.0,4.0
xiezhi1000006,华A6CU11,2017-01-07 09:00:16,9,"",8.0,2.0,2.0,5.0,35.0,34.0,218.0,34.0,9.0,6.0
xiezhi1000006,华A6CU11,2017-01-09 21:00:19,21,1.0,"","","","",3.0,3.0,31.0,4.0,"",""
xiezhi1000006,华A6CU11,2017-01-10 18:00:10,18,3.0,2.0,"","","",38.0,38.0,437.0,46.0,2.0,2.0
zengpeng1000000,华AZQ110,2017-01-01 12:00:17,12,6.0,2.0,3.0,3.0,11.0,33.0,34.0,407.0,52.0,4.0,2.0
zengpeng1000000,华AZQ110,2017-01-03 23:01:08,23,5.0,4.0,7.0,7.0,82.0,31.0,31.0,235.0,29.0,3.0,6.0
zengpeng1000000,华AZQ110,2017-01-10 17:02:56,17,3.0,3.0,2.0,2.0,33.0,33.0,33.0,288.0,40.0,2.0,4.0
zengpeng1000000,华AZQ110,2017-01-10 18:00:11,18,4.0,5.0,4.0,4.0,28.0,28.0,28.0,275.0,37.0,4.0,5.0
zouan1000007,华A58M83,2017-01-03 20:00:13,20,2.0,2.0,4.0,4.0,56.0,31.0,32.0,433.0,37.0,4.0,3.0
zouan1000007,华A58M83,2017-01-07 02:00:01,2,2.0,1.0,1.0,1.0,0.0,14.0,14.0,124.0,13.0,3.0,4.0
zouan1000007,华A58M83,2017-01-09 20:01:06,20,1.0,4.0,5.0,5.0,88.0,29.0,29.0,383.0,42.0,1.0,5.0
hanhui1000002,华AZI419,2017-01-01 15:00:03,15,5.0,2.0,3.0,3.0,35.0,40.0,40.0,509.0,42.0,3.0,3.0
hanhui1000002,华AZI419,2017-01-04 23:00:41,23,3.0,2.0,1.0,1.0,9.0,12.0,12.0,159.0,18.0,"",""
hanhui1000002,华AZI419,2017-01-06 22:00:09,22,5.0,6.0,2.0,2.0,21.0,22.0,22.0,203.0,36.0,"",6.0
haowei1000008,华A709GB,2017-01-06 16:04:15,16,6.0,2.0,3.0,3.0,12.0,33.0,33.0,318.0,34.0,1.0,3.0
haowei1000008,华A709GB,2017-01-07 17:00:12,17,4.0,3.0,4.0,4.0,63.0,23.0,23.0,190.0,41.0,5.0,3.0
likun1000003,华AVM936,2017-01-02 18:00:18,18,4.0,4.0,2.0,2.0,7.0,34.0,34.0,215.0,40.0,1.0,5.0
likun1000003,华AVM936,2017-01-02 19:02:02,19,5.0,3.0,4.0,4.0,33.0,41.0,41.0,352.0,46.0,6.0,7.0
likun1000003,华AVM936,2017-01-05 21:02:56,21,2.0,3.0,2.0,2.0,6.0,30.0,30.0,247.0,27.0,2.0,5.0
panxian1000005,华AX542C,2017-01-02 22:01:20,22,1.0,1.0,2.0,2.0,4.0,36.0,36.0,305.0,46.0,5.0,6.0
panxian1000005,华AX542C,2017-01-03 00:00:14,0,3.0,2.0,1.0,1.0,0.0,43.0,43.0,496.0,39.0,7.0,3.0
panxian1000005,华AX542C,2017-01-10 17:00:37,17,3.0,5.0,4.0,4.0,3.0,34.0,35.0,432.0,46.0,2.0,3.0
panxian1000005,华AX542C,2017-01-10 18:00:01,18,4.0,6.0,1.0,1.0,14.0,39.0,39.0,368.0,49.0,4.0,7.0
shenxian1000004,华ADJ750,2017-01-01 10:00:24,10,4.0,4.0,4.0,4.0,37.0,39.0,38.0,301.0,40.0,2.0,4.0
shenxian1000004,华ADJ750,2017-01-03 16:00:31,16,2.0,6.0,5.0,5.0,53.0,37.0,37.0,183.0,42.0,3.0,11.0
shenxian1000004,华ADJ750,2017-01-04 01:00:06,1,3.0,2.0,3.0,3.0,49.0,23.0,24.0,208.0,40.0,6.0,4.0
shenxian1000004,华ADJ750,2017-01-06 05:01:29,5,2.0,2.0,5.0,5.0,20.0,27.0,27.0,265.0,36.0,2.0,6.0
shenxian1000004,华ADJ750,2017-01-07 17:00:02,17,4.0,2.0,5.0,5.0,128.0,19.0,19.0,188.0,33.0,3.0,4.0
shenxian1000004,华ADJ750,2017-01-08 21:00:38,21,5.0,5.0,4.0,4.0,35.0,35.0,35.0,404.0,55.0,4.0,6.0
shenxian1000004,华ADJ750,2017-01-09 00:00:29,0,7.0,8.0,"","","",39.0,39.0,370.0,38.0,6.0,4.0
shenxian1000004,华ADJ750,2017-01-09 18:02:22,18,5.0,8.0,4.0,4.0,9.0,28.0,28.0,311.0,43.0,6.0,1.0
shenxian1000004,华ADJ750,2017-01-10 19:00:24,19,1.0,5.0,6.0,6.0,56.0,42.0,42.0,339.0,31.0,4.0,7.0
shenxian1000004,华ADJ750,2017-01-11 00:00:37,0,4.0,3.0,3.0,3.0,10.0,29.0,29.0,325.0,40.0,1.0,2.0
xiexiao1000001,华AEB132,2017-01-02 18:00:41,18,3.0,2.0,4.0,4.0,38.0,33.0,33.0,312.0,43.0,4.0,3.0
xiexiao1000001,华AEB132,2017-01-02 22:00:02,22,4.0,5.0,2.0,2.0,0.0,25.0,25.0,283.0,38.0,8.0,1.0
xiexiao1000001,华AEB132,2017-01-05 20:00:10,20,7.0,6.0,5.0,5.0,49.0,28.0,29.0,392.0,41.0,2.0,4.0
xiexiao1000001,华AEB132,2017-01-09 00:01:13,0,3.0,1.0,1.0,1.0,0.0,26.0,26.0,389.0,38.0,2.0,7.0
xiexiao1000001,华AEB132,2017-01-09 03:01:09,3,1.0,4.0,5.0,5.0,28.0,33.0,33.0,275.0,41.0,2.0,4.0
xiexiao1000001,华AEB132,2017-01-10 19:01:04,19,2.0,4.0,2.0,2.0,5.0,37.0,37.0,440.0,37.0,3.0,4.0
xiezhi1000006,华A6CU11,2017-01-06 23:01:16,23,3.0,5.0,1.0,1.0,2.0,28.0,28.0,217.0,27.0,2.0,4.0
xiezhi1000006,华A6CU11,2017-01-09 18:00:07,18,5.0,"",4.0,4.0,23.0,29.0,29.0,464.0,32.0,4.0,4.0
xiezhi1000006,华A6CU11,2017-01-10 23:01:08,23,3.0,7.0,4.0,4.0,7.0,38.0,38.0,301.0,31.0,3.0,3.0
zengpeng1000000,华AZQ110,2017-01-01 13:01:27,13,4.0,4.0,2.0,2.0,8.0,31.0,31.0,325.0,33.0,"",5.0
zengpeng1000000,华AZQ110,2017-01-03 02:01:11,2,7.0,1.0,6.0,6.0,17.0,35.0,35.0,407.0,40.0,4.0,5.0
zengpeng1000000,华AZQ110,2017-01-07 21:00:09,21,"","","","","",1.0,1.0,0.0,3.0,"",""
zouan1000007,华A58M83,2017-01-04 16:00:09,16,2.0,5.0,3.0,3.0,5.0,36.0,36.0,399.0,32.0,3.0,1.0
zouan1000007,华A58M83,2017-01-10 00:00:23,0,5.0,1.0,1.0,1.0,6.0,29.0,30.0,398.0,34.0,2.0,2.0
duxu1000009,华AT75H8,2017-01-01 21:00:07,21,4.0,2.0,4.0,4.0,64.0,44.0,45.0,462.0,41.0,2.0,3.0
hanhui1000002,华AZI419,2017-01-05 17:00:03,17,3.0,2.0,4.0,4.0,38.0,38.0,38.0,306.0,47.0,1.0,4.0
hanhui1000002,华AZI419,2017-01-08 02:00:02,2,2.0,3.0,6.0,6.0,35.0,27.0,27.0,380.0,43.0,3.0,1.0
hanhui1000002,华AZI419,2017-01-10 16:00:19,16,3.0,4.0,6.0,6.0,46.0,33.0,33.0,413.0,36.0,2.0,3.0
haowei1000008,华A709GB,2017-01-04 17:00:09,17,1.0,4.0,5.0,5.0,108.0,38.0,39.0,290.0,40.0,2.0,6.0
haowei1000008,华A709GB,2017-01-04 23:00:49,23,1.0,4.0,3.0,3.0,41.0,39.0,39.0,364.0,56.0,5.0,3.0
haowei1000008,华A709GB,2017-01-06 18:01:50,18,1.0,1.0,2.0,2.0,3.0,16.0,16.0,166.0,21.0,"",2.0
haowei1000008,华A709GB,2017-01-07 22:00:48,22,4.0,6.0,4.0,4.0,48.0,25.0,25.0,151.0,42.0,4.0,4.0
haowei1000008,华A709GB,2017-01-08 17:00:05,17,1.0,1.0,2.0,2.0,2.0,37.0,37.0,343.0,48.0,5.0,3.0
haowei1000008,华A709GB,2017-01-09 22:00:05,22,5.0,3.0,1.0,1.0,20.0,35.0,36.0,316.0,33.0,7.0,6.0
likun1000003,华AVM936,2017-01-01 10:00:03,10,2.0,4.0,2.0,2.0,16.0,37.0,37.0,424.0,40.0,2.0,5.0
likun1000003,华AVM936,2017-01-05 22:03:23,22,5.0,7.0,2.0,2.0,25.0,41.0,41.0,343.0,35.0,5.0,2.0
likun1000003,华AVM936,2017-01-08 21:02:43,21,7.0,6.0,7.0,7.0,112.0,30.0,30.0,272.0,34.0,6.0,5.0
likun1000003,华AVM936,2017-01-08 23:00:14,23,4.0,6.0,6.0,6.0,48.0,24.0,24.0,109.0,48.0,6.0,5.0
panxian1000005,华AX542C,2017-01-02 16:00:00,16,4.0,10.0,6.0,6.0,11.0,38.0,38.0,310.0,41.0,4.0,2.0
panxian1000005,华AX542C,2017-01-03 02:00:06,2,4.0,5.0,6.0,6.0,61.0,33.0,32.0,230.0,44.0,2.0,2.0
panxian1000005,华AX542C,2017-01-03 19:00:29,19,4.0,1.0,2.0,2.0,32.0,24.0,25.0,302.0,42.0,8.0,2.0
panxian1000005,华AX542C,2017-01-07 22:00:16,22,7.0,7.0,2.0,2.0,9.0,32.0,31.0,348.0,39.0,5.0,2.0
panxian1000005,华AX542C,2017-01-10 16:01:22,16,7.0,1.0,"","","",32.0,31.0,331.0,35.0,7.0,4.0
shenxian1000004,华ADJ750,2017-01-02 18:00:33,18,5.0,3.0,1.0,1.0,4.0,32.0,32.0,209.0,38.0,2.0,1.0
shenxian1000004,华ADJ750,2017-01-03 01:00:07,1,"",2.0,3.0,4.0,37.0,15.0,15.0,111.0,12.0,"",1.0
shenxian1000004,华ADJ750,2017-01-05 18:00:08,18,1.0,5.0,1.0,1.0,8.0,33.0,33.0,353.0,45.0,5.0,1.0
shenxian1000004,华ADJ750,2017-01-06 07:00:26,7,3.0,3.0,3.0,3.0,12.0,28.0,28.0,298.0,36.0,2.0,7.0
shenxian1000004,华ADJ750,2017-01-07 18:00:03,18,2.0,2.0,3.0,3.0,13.0,29.0,29.0,276.0,44.0,1.0,3.0
xiexiao1000001,华AEB132,2017-01-01 09:00:03,9,4.0,5.0,2.0,2.0,23.0,34.0,34.0,259.0,35.0,4.0,3.0
xiexiao1000001,华AEB132,2017-01-03 19:00:13,19,4.0,3.0,8.0,8.0,80.0,26.0,27.0,156.0,32.0,3.0,2.0
xiexiao1000001,华AEB132,2017-01-05 21:00:31,21,3.0,8.0,4.0,4.0,43.0,45.0,44.0,505.0,58.0,2.0,1.0
xiexiao1000001,华AEB132,2017-01-06 18:00:38,18,2.0,5.0,1.0,1.0,13.0,33.0,33.0,323.0,36.0,4.0,2.0
xiezhi1000006,华A6CU11,2017-01-01 19:00:19,19,1.0,5.0,4.0,4.0,4.0,34.0,34.0,285.0,30.0,1.0,3.0
xiezhi1000006,华A6CU11,2017-01-07 11:00:53,11,6.0,2.0,5.0,5.0,52.0,28.0,28.0,288.0,26.0,4.0,5.0
zengpeng1000000,华AZQ110,2017-01-09 03:00:20,3,2.0,6.0,1.0,1.0,0.0,31.0,31.0,238.0,33.0,3.0,3.0
zouan1000007,华A58M83,2017-01-01 13:00:13,13,3.0,2.0,1.0,1.0,9.0,37.0,37.0,251.0,37.0,1.0,5.0
zouan1000007,华A58M83,2017-01-05 03:01:05,3,4.0,3.0,2.0,2.0,10.0,30.0,30.0,300.0,31.0,3.0,2.0
zouan1000007,华A58M83,2017-01-07 23:01:42,23,2.0,1.0,1.0,1.0,0.0,24.0,24.0,373.0,44.0,7.0,5.0
zouan1000007,华A58M83,2017-01-08 23:01:23,23,3.0,8.0,2.0,2.0,21.0,37.0,37.0,247.0,38.0,5.0,10.0
zouan1000007,华A58M83,2017-01-10 08:00:25,8,1.0,"",1.0,1.0,20.0,5.0,5.0,127.0,3.0,"",""
duxu1000009,华AT75H8,2017-01-01 11:02:17,11,"",5.0,4.0,4.0,96.0,33.0,33.0,381.0,46.0,1.0,2.0
duxu1000009,华AT75H8,2017-01-01 14:00:40,14,2.0,2.0,4.0,4.0,54.0,31.0,31.0,146.0,43.0,1.0,4.0
duxu1000009,华AT75H8,2017-01-02 16:00:24,16,2.0,5.0,1.0,1.0,7.0,36.0,36.0,433.0,42.0,6.0,5.0
duxu1000009,华AT75H8,2017-01-03 17:00:17,17,2.0,7.0,7.0,7.0,75.0,36.0,36.0,431.0,47.0,5.0,7.0
duxu1000009,华AT75H8,2017-01-03 22:00:12,22,3.0,8.0,1.0,1.0,6.0,30.0,30.0,448.0,47.0,2.0,2.0
duxu1000009,华AT75H8,2017-01-06 22:00:59,22,9.0,6.0,2.0,2.0,13.0,33.0,33.0,260.0,41.0,2.0,4.0
hanhui1000002,华AZI419,2017-01-01 13:00:04,13,6.0,3.0,1.0,1.0,30.0,40.0,40.0,459.0,43.0,8.0,3.0
hanhui1000002,华AZI419,2017-01-07 22:01:38,22,4.0,4.0,1.0,1.0,28.0,27.0,27.0,266.0,25.0,5.0,8.0
hanhui1000002,华AZI419,2017-01-10 18:04:08,18,7.0,2.0,4.0,4.0,13.0,26.0,26.0,197.0,34.0,6.0,5.0
haowei1000008,华A709GB,2017-01-02 18:02:33,18,1.0,"","","","",25.0,25.0,281.0,33.0,3.0,3.0
haowei1000008,华A709GB,2017-01-04 16:00:08,16,1.0,4.0,3.0,3.0,99.0,39.0,38.0,359.0,47.0,5.0,5.0
haowei1000008,华A709GB,2017-01-05 02:00:20,2,4.0,7.0,4.0,4.0,70.0,28.0,28.0,334.0,45.0,3.0,3.0
haowei1000008,华A709GB,2017-01-05 16:01:11,16,2.0,4.0,3.0,3.0,20.0,36.0,36.0,311.0,46.0,3.0,8.0
haowei1000008,华A709GB,2017-01-07 20:00:54,20,6.0,3.0,8.0,8.0,88.0,34.0,34.0,385.0,45.0,5.0,7.0
haowei1000008,华A709GB,2017-01-08 20:00:40,20,5.0,1.0,"","","",37.0,37.0,241.0,43.0,4.0,6.0
haowei1000008,华A709GB,2017-01-10 06:00:05,6,4.0,4.0,1.0,1.0,0.0,35.0,34.0,296.0,31.0,3.0,5.0
likun1000003,华AVM936,2017-01-01 12:00:08,12,2.0,6.0,3.0,3.0,50.0,29.0,29.0,244.0,46.0,8.0,5.0
likun1000003,华AVM936,2017-01-09 20:00:17,20,4.0,3.0,2.0,2.0,27.0,34.0,35.0,450.0,41.0,8.0,3.0
likun1000003,华AVM936,2017-01-10 19:02:19,19,4.0,5.0,3.0,3.0,28.0,40.0,40.0,300.0,37.0,3.0,6.0
likun1000003,华AVM936,2017-01-11 00:00:34,0,4.0,2.0,1.0,1.0,11.0,45.0,45.0,365.0,42.0,4.0,4.0
panxian1000005,华AX542C,2017-01-03 16:01:03,16,6.0,3.0,1.0,1.0,36.0,32.0,31.0,308.0,46.0,7.0,4.0
panxian1000005,华AX542C,2017-01-06 18:00:32,18,"",6.0,2.0,2.0,14.0,27.0,27.0,312.0,31.0,6.0,6.0
panxian1000005,华AX542C,2017-01-06 20:02:02,20,2.0,5.0,5.0,5.0,32.0,21.0,21.0,179.0,39.0,"",5.0
panxian1000005,华AX542C,2017-01-07 19:01:17,19,4.0,2.0,5.0,5.0,58.0,26.0,26.0,334.0,39.0,2.0,6.0
panxian1000005,华AX542C,2017-01-07 21:00:09,21,2.0,9.0,2.0,2.0,5.0,45.0,45.0,516.0,44.0,1.0,8.0
panxian1000005,华AX542C,2017-01-09 16:00:03,16,2.0,6.0,4.0,4.0,31.0,30.0,30.0,214.0,41.0,4.0,4.0
shenxian1000004,华ADJ750,2017-01-02 22:00:00,22,4.0,2.0,2.0,2.0,20.0,37.0,37.0,420.0,31.0,3.0,4.0
xiexiao1000001,华AEB132,2017-01-01 21:00:04,21,2.0,2.0,5.0,5.0,50.0,30.0,30.0,293.0,29.0,3.0,4.0
xiexiao1000001,华AEB132,2017-01-08 16:01:25,16,3.0,3.0,6.0,6.0,40.0,26.0,26.0,255.0,28.0,5.0,5.0
xiezhi1000006,华A6CU11,2017-01-01 14:00:14,14,4.0,4.0,5.0,5.0,26.0,25.0,25.0,243.0,45.0,9.0,3.0
xiezhi1000006,华A6CU11,2017-01-04 20:00:14,20,4.0,2.0,7.0,7.0,48.0,38.0,38.0,442.0,42.0,4.0,8.0
zengpeng1000000,华AZQ110,2017-01-03 18:00:23,18,1.0,5.0,8.0,8.0,65.0,32.0,32.0,286.0,39.0,5.0,5.0
zengpeng1000000,华AZQ110,2017-01-04 03:00:07,3,2.0,6.0,1.0,1.0,2.0,26.0,26.0,193.0,39.0,4.0,5.0
zengpeng1000000,华AZQ110,2017-01-04 10:00:00,10,5.0,5.0,4.0,4.0,56.0,30.0,30.0,329.0,36.0,2.0,2.0
zengpeng1000000,华AZQ110,2017-01-05 21:00:57,21,4.0,4.0,4.0,4.0,60.0,37.0,37.0,353.0,43.0,6.0,3.0
zouan1000007,华A58M83,2017-01-05 17:00:30,17,2.0,6.0,4.0,4.0,35.0,41.0,41.0,375.0,42.0,2.0,4.0
duxu1000009,华AT75H8,2017-01-01 15:00:52,15,4.0,5.0,2.0,2.0,12.0,37.0,37.0,266.0,37.0,3.0,3.0
duxu1000009,华AT75H8,2017-01-01 18:00:29,18,2.0,3.0,3.0,3.0,32.0,32.0,32.0,365.0,42.0,2.0,6.0
duxu1000009,华AT75H8,2017-01-03 18:01:45,18,2.0,6.0,3.0,3.0,29.0,30.0,30.0,327.0,39.0,4.0,1.0
duxu1000009,华AT75H8,2017-01-06 21:00:39,21,"",4.0,4.0,4.0,36.0,42.0,42.0,384.0,55.0,8.0,3.0
duxu1000009,华AT75H8,2017-01-08 20:00:15,20,2.0,2.0,"","","",27.0,27.0,226.0,27.0,2.0,3.0
duxu1000009,华AT75H8,2017-01-09 18:00:01,18,4.0,3.0,5.0,5.0,50.0,32.0,32.0,488.0,32.0,3.0,1.0
hanhui1000002,华AZI419,2017-01-01 19:00:33,19,1.0,3.0,3.0,3.0,36.0,33.0,33.0,419.0,47.0,3.0,4.0
hanhui1000002,华AZI419,2017-01-04 16:00:13,16,4.0,6.0,2.0,2.0,13.0,32.0,32.0,239.0,43.0,4.0,5.0
hanhui1000002,华AZI419,2017-01-05 19:00:03,19,1.0,5.0,2.0,2.0,24.0,39.0,40.0,348.0,49.0,2.0,7.0
hanhui1000002,华AZI419,2017-01-09 01:01:03,1,5.0,8.0,4.0,4.0,13.0,34.0,34.0,360.0,43.0,6.0,6.0
haowei1000008,华A709GB,2017-01-05 05:00:19,5,4.0,3.0,1.0,1.0,26.0,31.0,31.0,191.0,36.0,6.0,5.0
haowei1000008,华A709GB,2017-01-08 03:00:01,3,5.0,4.0,1.0,1.0,44.0,26.0,26.0,208.0,26.0,1.0,""
likun1000003,华AVM936,2017-01-01 18:00:08,18,4.0,3.0,3.0,3.0,17.0,30.0,30.0,241.0,26.0,3.0,2.0
likun1000003,华AVM936,2017-01-03 00:01:08,0,"",1.0,1.0,1.0,6.0,4.0,4.0,8.0,7.0,1.0,2.0
panxian1000005,华AX542C,2017-01-03 18:02:30,18,3.0,2.0,3.0,3.0,40.0,45.0,44.0,524.0,49.0,4.0,6.0
panxian1000005,华AX542C,2017-01-04 01:01:22,1,3.0,7.0,5.0,5.0,33.0,31.0,31.0,247.0,32.0,"",7.0
panxian1000005,华AX542C,2017-01-06 00:00:21,0,2.0,2.0,4.0,4.0,66.0,33.0,33.0,357.0,37.0,4.0,3.0
panxian1000005,华AX542C,2017-01-07 03:00:43,3,2.0,5.0,"","","",17.0,17.0,209.0,27.0,1.0,1.0
panxian1000005,华AX542C,2017-01-09 18:03:08,18,2.0,2.0,4.0,4.0,35.0,38.0,38.0,393.0,43.0,4.0,""
panxian1000005,华AX542C,2017-01-09 20:00:02,20,3.0,2.0,3.0,3.0,13.0,22.0,22.0,221.0,41.0,5.0,3.0
panxian1000005,华AX542C,2017-01-10 22:00:15,22,4.0,2.0,2.0,2.0,21.0,35.0,35.0,414.0,35.0,4.0,6.0
shenxian1000004,华ADJ750,2017-01-01 14:00:01,14,3.0,5.0,2.0,2.0,61.0,30.0,30.0,271.0,49.0,4.0,4.0
shenxian1000004,华ADJ750,2017-01-02 16:00:58,16,4.0,4.0,4.0,4.0,56.0,27.0,27.0,465.0,44.0,3.0,3.0
shenxian1000004,华ADJ750,2017-01-03 20:01:23,20,2.0,3.0,5.0,5.0,35.0,33.0,33.0,306.0,43.0,3.0,4.0
shenxian1000004,华ADJ750,2017-01-07 20:00:14,20,4.0,4.0,3.0,3.0,11.0,35.0,34.0,357.0,33.0,4.0,8.0
xiexiao1000001,华AEB132,2017-01-02 19:04:11,19,6.0,6.0,2.0,2.0,34.0,26.0,26.0,233.0,18.0,6.0,2.0
xiezhi1000006,华A6CU11,2017-01-01 20:03:12,20,"",1.0,"","","",11.0,11.0,162.0,7.0,"",""
xiezhi1000006,华A6CU11,2017-01-04 16:00:00,16,4.0,2.0,5.0,5.0,30.0,33.0,33.0,300.0,41.0,4.0,2.0
xiezhi1000006,华A6CU11,2017-01-07 04:00:13,4,2.0,8.0,4.0,4.0,24.0,23.0,23.0,283.0,42.0,1.0,2.0
xiezhi1000006,华A6CU11,2017-01-11 03:00:39,3,1.0,2.0,2.0,2.0,17.0,38.0,38.0,322.0,47.0,4.0,5.0
zengpeng1000000,华AZQ110,2017-01-02 23:02:34,23,2.0,6.0,2.0,2.0,24.0,30.0,30.0,329.0,43.0,3.0,6.0
zengpeng1000000,华AZQ110,2017-01-06 16:02:47,16,6.0,5.0,3.0,3.0,29.0,21.0,21.0,208.0,30.0,2.0,3.0
zouan1000007,华A58M83,2017-01-01 09:00:55,9,3.0,6.0,3.0,3.0,7.0,32.0,32.0,222.0,32.0,4.0,5.0
zouan1000007,华A58M83,2017-01-04 01:01:06,1,3.0,4.0,3.0,3.0,16.0,34.0,34.0,234.0,39.0,3.0,2.0
zouan1000007,华A58M83,2017-01-06 23:00:28,23,3.0,2.0,5.0,5.0,28.0,36.0,36.0,298.0,41.0,4.0,7.0
zouan1000007,华A58M83,2017-01-07 18:00:00,18,3.0,2.0,4.0,4.0,13.0,43.0,43.0,488.0,47.0,7.0,5.0
duxu1000009,华AT75H8,2017-01-04 05:00:55,5,3.0,4.0,3.0,3.0,33.0,33.0,33.0,343.0,26.0,4.0,6.0
hanhui1000002,华AZI419,2017-01-01 10:00:31,10,4.0,3.0,3.0,3.0,21.0,30.0,30.0,470.0,40.0,10.0,4.0
hanhui1000002,华AZI419,2017-01-02 16:00:41,16,1.0,4.0,3.0,3.0,15.0,25.0,25.0,147.0,36.0,4.0,2.0
hanhui1000002,华AZI419,2017-01-03 00:00:49,0,4.0,2.0,6.0,6.0,12.0,18.0,18.0,152.0,32.0,2.0,5.0
hanhui1000002,华AZI419,2017-01-04 18:00:27,18,3.0,2.0,5.0,5.0,9.0,32.0,33.0,353.0,38.0,8.0,3.0
hanhui1000002,华AZI419,2017-01-05 21:00:21,21,3.0,4.0,2.0,2.0,30.0,33.0,32.0,408.0,44.0,6.0,4.0
hanhui1000002,华AZI419,2017-01-07 21:00:00,21,4.0,4.0,"","","",27.0,27.0,195.0,40.0,7.0,2.0
hanhui1000002,华AZI419,2017-01-11 02:01:47,2,5.0,6.0,3.0,3.0,19.0,41.0,41.0,464.0,33.0,5.0,2.0
haowei1000008,华A709GB,2017-01-08 18:02:47,18,3.0,3.0,7.0,7.0,80.0,28.0,28.0,176.0,38.0,4.0,2.0
haowei1000008,华A709GB,2017-01-09 21:00:53,21,2.0,5.0,4.0,4.0,45.0,35.0,34.0,324.0,34.0,3.0,2.0
likun1000003,华AVM936,2017-01-04 06:00:08,6,1.0,1.0,6.0,6.0,35.0,28.0,27.0,362.0,46.0,6.0,3.0
likun1000003,华AVM936,2017-01-04 21:00:11,21,2.0,3.0,2.0,2.0,37.0,20.0,20.0,150.0,47.0,1.0,2.0
likun1000003,华AVM936,2017-01-05 00:00:07,0,3.0,2.0,2.0,1.0,6.0,33.0,34.0,361.0,30.0,2.0,5.0
likun1000003,华AVM936,2017-01-05 07:00:38,7,4.0,4.0,3.0,3.0,32.0,32.0,32.0,234.0,41.0,7.0,2.0
likun1000003,华AVM936,2017-01-09 00:00:15,0,1.0,5.0,4.0,4.0,37.0,28.0,28.0,317.0,38.0,3.0,4.0
likun1000003,华AVM936,2017-01-09 19:00:00,19,2.0,5.0,5.0,5.0,19.0,38.0,37.0,384.0,36.0,7.0,3.0
likun1000003,华AVM936,2017-01-10 20:00:41,20,4.0,3.0,8.0,8.0,72.0,28.0,28.0,166.0,43.0,6.0,5.0
panxian1000005,华AX542C,2017-01-06 02:00:35,2,4.0,3.0,4.0,4.0,78.0,34.0,34.0,244.0,35.0,5.0,4.0
panxian1000005,华AX542C,2017-01-08 21:00:03,21,2.0,2.0,1.0,1.0,42.0,29.0,29.0,447.0,47.0,4.0,4.0
panxian1000005,华AX542C,2017-01-10 06:00:34,6,"",3.0,1.0,1.0,45.0,18.0,18.0,144.0,12.0,1.0,1.0
shenxian1000004,华ADJ750,2017-01-07 22:00:06,22,2.0,3.0,"","","",30.0,30.0,270.0,40.0,4.0,4.0
shenxian1000004,华ADJ750,2017-01-08 18:00:01,18,6.0,1.0,3.0,3.0,4.0,28.0,28.0,312.0,45.0,"",2.0
shenxian1000004,华ADJ750,2017-01-10 23:00:44,23,8.0,"",1.0,1.0,3.0,36.0,36.0,313.0,39.0,11.0,3.0
xiexiao1000001,华AEB132,2017-01-03 16:00:21,16,"",3.0,2.0,2.0,37.0,31.0,31.0,242.0,32.0,4.0,4.0
xiexiao1000001,华AEB132,2017-01-06 00:01:07,0,1.0,1.0,2.0,2.0,17.0,31.0,31.0,417.0,30.0,9.0,2.0
xiezhi1000006,华A6CU11,2017-01-01 09:00:12,9,4.0,1.0,2.0,2.0,26.0,30.0,30.0,240.0,45.0,5.0,3.0
xiezhi1000006,华A6CU11,2017-01-01 11:00:37,11,4.0,3.0,3.0,3.0,4.0,29.0,29.0,186.0,30.0,5.0,4.0
xiezhi1000006,华A6CU11,2017-01-01 16:00:04,16,3.0,4.0,3.0,3.0,6.0,30.0,30.0,183.0,35.0,4.0,4.0
xiezhi1000006,华A6CU11,2017-01-04 05:00:05,5,4.0,2.0,4.0,4.0,25.0,33.0,34.0,296.0,35.0,3.0,4.0
xiezhi1000006,华A6CU11,2017-01-07 08:01:25,8,2.0,3.0,2.0,2.0,13.0,32.0,32.0,349.0,30.0,3.0,4.0
zengpeng1000000,华AZQ110,2017-01-03 03:00:20,3,1.0,2.0,1.0,1.0,2.0,8.0,7.0,47.0,13.0,"",2.0
zengpeng1000000,华AZQ110,2017-01-07 19:00:47,19,2.0,2.0,3.0,3.0,20.0,33.0,33.0,408.0,31.0,2.0,7.0
zouan1000007,华A58M83,2017-01-02 20:00:02,20,4.0,2.0,4.0,4.0,4.0,39.0,39.0,343.0,43.0,5.0,2.0
zouan1000007,华A58M83,2017-01-07 00:00:47,0,3.0,1.0,6.0,6.0,99.0,38.0,38.0,408.0,37.0,6.0,3.0
zouan1000007,华A58M83,2017-01-09 23:00:32,23,4.0,2.0,4.0,4.0,18.0,31.0,30.0,348.0,37.0,2.0,3.0
zouan1000007,华A58M83,2017-01-10 04:00:31,4,2.0,2.0,2.0,2.0,19.0,27.0,27.0,267.0,40.0,2.0,5.0
duxu1000009,华AT75H8,2017-01-03 23:00:24,23,6.0,6.0,3.0,3.0,5.0,41.0,41.0,360.0,38.0,3.0,4.0
hanhui1000002,华AZI419,2017-01-06 17:00:58,17,5.0,5.0,1.0,1.0,2.0,29.0,29.0,235.0,35.0,10.0,4.0
hanhui1000002,华AZI419,2017-01-06 23:01:34,23,1.0,4.0,3.0,3.0,29.0,25.0,25.0,337.0,30.0,5.0,8.0
haowei1000008,华A709GB,2017-01-01 10:01:44,10,3.0,"",1.0,1.0,1.0,23.0,23.0,213.0,29.0,4.0,5.0
haowei1000008,华A709GB,2017-01-05 21:01:12,21,4.0,6.0,1.0,1.0,16.0,32.0,32.0,350.0,35.0,7.0,5.0
haowei1000008,华A709GB,2017-01-10 17:00:43,17,6.0,3.0,"","","",34.0,34.0,421.0,32.0,3.0,4.0
haowei1000008,华A709GB,2017-01-10 20:02:26,20,4.0,2.0,1.0,1.0,21.0,30.0,30.0,218.0,41.0,3.0,7.0
likun1000003,华AVM936,2017-01-02 22:00:54,22,3.0,4.0,4.0,4.0,50.0,42.0,42.0,402.0,39.0,"",""
likun1000003,华AVM936,2017-01-02 23:00:28,23,3.0,3.0,1.0,1.0,32.0,36.0,36.0,441.0,41.0,3.0,9.0
likun1000003,华AVM936,2017-01-03 22:00:13,22,5.0,6.0,6.0,6.0,86.0,29.0,30.0,364.0,44.0,"",8.0
panxian1000005,华AX542C,2017-01-01 13:00:05,13,4.0,2.0,5.0,5.0,40.0,40.0,40.0,335.0,38.0,3.0,4.0
panxian1000005,华AX542C,2017-01-03 01:00:24,1,6.0,4.0,2.0,2.0,9.0,37.0,37.0,234.0,44.0,6.0,6.0
panxian1000005,华AX542C,2017-01-04 02:00:19,2,2.0,2.0,2.0,2.0,18.0,35.0,35.0,345.0,34.0,3.0,2.0
shenxian1000004,华ADJ750,2017-01-05 17:02:09,17,5.0,2.0,2.0,2.0,16.0,42.0,42.0,213.0,38.0,6.0,3.0
shenxian1000004,华ADJ750,2017-01-06 08:01:38,8,4.0,1.0,7.0,7.0,72.0,33.0,33.0,314.0,37.0,1.0,7.0
shenxian1000004,华ADJ750,2017-01-08 19:00:49,19,3.0,2.0,3.0,3.0,59.0,37.0,36.0,337.0,43.0,"",6.0
shenxian1000004,华ADJ750,2017-01-08 23:00:55,23,6.0,6.0,6.0,6.0,44.0,40.0,40.0,300.0,51.0,4.0,1.0
shenxian1000004,华ADJ750,2017-01-10 22:00:33,22,4.0,5.0,2.0,2.0,24.0,41.0,41.0,402.0,38.0,4.0,6.0
xiexiao1000001,华AEB132,2017-01-01 13:00:04,13,4.0,5.0,2.0,2.0,23.0,28.0,28.0,281.0,41.0,8.0,1.0
xiexiao1000001,华AEB132,2017-01-03 02:00:23,2,3.0,2.0,4.0,4.0,44.0,24.0,24.0,227.0,27.0,7.0,2.0
xiexiao1000001,华AEB132,2017-01-03 18:01:09,18,6.0,3.0,2.0,2.0,3.0,28.0,27.0,239.0,35.0,8.0,3.0
xiexiao1000001,华AEB132,2017-01-05 16:00:30,16,3.0,7.0,3.0,3.0,24.0,31.0,31.0,270.0,42.0,3.0,4.0
xiexiao1000001,华AEB132,2017-01-05 18:01:16,18,8.0,3.0,4.0,4.0,34.0,27.0,27.0,265.0,34.0,6.0,5.0
xiexiao1000001,华AEB132,2017-01-06 17:00:55,17,3.0,1.0,1.0,1.0,17.0,34.0,34.0,332.0,37.0,6.0,4.0
xiexiao1000001,华AEB132,2017-01-08 20:01:16,20,5.0,2.0,3.0,3.0,10.0,25.0,25.0,180.0,42.0,1.0,3.0
xiexiao1000001,华AEB132,2017-01-09 02:00:36,2,5.0,4.0,3.0,3.0,21.0,33.0,33.0,311.0,42.0,2.0,2.0
xiexiao1000001,华AEB132,2017-01-10 18:00:24,18,4.0,5.0,6.0,6.0,58.0,34.0,34.0,375.0,39.0,3.0,5.0
xiezhi1000006,华A6CU11,2017-01-07 07:01:26,7,2.0,3.0,5.0,5.0,41.0,39.0,39.0,376.0,42.0,3.0,""
zengpeng1000000,华AZQ110,2017-01-01 08:01:40,8,5.0,4.0,3.0,3.0,12.0,40.0,40.0,305.0,47.0,3.0,3.0
zengpeng1000000,华AZQ110,2017-01-02 21:00:33,21,4.0,2.0,4.0,4.0,84.0,34.0,34.0,378.0,44.0,3.0,1.0
zengpeng1000000,华AZQ110,2017-01-04 11:00:30,11,1.0,2.0,1.0,1.0,21.0,10.0,10.0,57.0,13.0,1.0,""
zengpeng1000000,华AZQ110,2017-01-06 19:02:02,19,3.0,2.0,1.0,1.0,0.0,42.0,42.0,336.0,38.0,1.0,3.0
zengpeng1000000,华AZQ110,2017-01-10 20:00:08,20,2.0,3.0,3.0,3.0,18.0,31.0,31.0,280.0,27.0,1.0,4.0
zouan1000007,华A58M83,2017-01-06 18:00:05,18,2.0,2.0,1.0,1.0,6.0,31.0,31.0,354.0,34.0,4.0,2.0
zouan1000007,华A58M83,2017-01-09 02:00:17,2,2.0,1.0,"","","",16.0,16.0,141.0,23.0,1.0,1.0
duxu1000009,华AT75H8,2017-01-04 00:00:35,0,4.0,7.0,3.0,3.0,85.0,26.0,25.0,245.0,39.0,3.0,5.0
duxu1000009,华AT75H8,2017-01-06 19:00:53,19,3.0,4.0,6.0,6.0,136.0,21.0,21.0,122.0,38.0,4.0,5.0
hanhui1000002,华AZI419,2017-01-08 23:00:03,23,"",3.0,4.0,4.0,14.0,29.0,29.0,264.0,36.0,4.0,3.0
hanhui1000002,华AZI419,2017-01-09 02:04:16,2,4.0,3.0,3.0,3.0,12.0,36.0,36.0,335.0,42.0,1.0,3.0
hanhui1000002,华AZI419,2017-01-09 04:00:46,4,2.0,3.0,3.0,3.0,47.0,25.0,25.0,213.0,44.0,6.0,4.0
haowei1000008,华A709GB,2017-01-04 18:00:36,18,6.0,3.0,"","","",34.0,34.0,431.0,35.0,1.0,7.0
haowei1000008,华A709GB,2017-01-05 03:00:25,3,4.0,2.0,6.0,6.0,34.0,38.0,38.0,319.0,33.0,5.0,4.0
haowei1000008,华A709GB,2017-01-08 01:02:46,1,6.0,2.0,1.0,1.0,26.0,39.0,39.0,340.0,48.0,2.0,3.0
haowei1000008,华A709GB,2017-01-09 23:00:16,23,5.0,7.0,3.0,3.0,19.0,28.0,28.0,281.0,45.0,1.0,3.0
likun1000003,华AVM936,2017-01-04 17:01:36,17,5.0,10.0,1.0,1.0,0.0,27.0,27.0,194.0,25.0,7.0,7.0
likun1000003,华AVM936,2017-01-08 22:01:52,22,3.0,3.0,4.0,4.0,75.0,41.0,41.0,391.0,40.0,1.0,2.0
likun1000003,华AVM936,2017-01-09 04:00:28,4,1.0,1.0,"","","",2.0,2.0,2.0,3.0,"",""
panxian1000005,华AX542C,2017-01-03 21:00:02,21,3.0,6.0,6.0,6.0,70.0,36.0,37.0,422.0,38.0,"",5.0
panxian1000005,华AX542C,2017-01-03 22:00:59,22,3.0,2.0,7.0,7.0,131.0,30.0,30.0,252.0,38.0,6.0,6.0
panxian1000005,华AX542C,2017-01-04 17:00:03,17,4.0,7.0,5.0,5.0,80.0,37.0,37.0,255.0,49.0,7.0,5.0
panxian1000005,华AX542C,2017-01-09 22:00:29,22,2.0,3.0,6.0,6.0,19.0,30.0,30.0,264.0,46.0,2.0,4.0
panxian1000005,华AX542C,2017-01-10 23:00:06,23,2.0,3.0,5.0,5.0,14.0,35.0,35.0,273.0,35.0,4.0,1.0
shenxian1000004,华ADJ750,2017-01-02 23:01:32,23,4.0,6.0,1.0,1.0,7.0,44.0,43.0,322.0,39.0,3.0,2.0
shenxian1000004,华ADJ750,2017-01-04 03:00:10,3,3.0,6.0,4.0,4.0,11.0,41.0,41.0,469.0,42.0,4.0,2.0
shenxian1000004,华ADJ750,2017-01-05 16:01:01,16,5.0,7.0,3.0,3.0,26.0,37.0,37.0,368.0,39.0,4.0,5.0
shenxian1000004,华ADJ750,2017-01-06 00:00:09,0,2.0,5.0,1.0,1.0,1.0,32.0,32.0,228.0,41.0,4.0,2.0
xiexiao1000001,华AEB132,2017-01-01 16:00:20,16,1.0,3.0,1.0,1.0,12.0,33.0,33.0,425.0,37.0,4.0,2.0
xiezhi1000006,华A6CU11,2017-01-07 05:00:22,5,3.0,3.0,2.0,2.0,4.0,33.0,32.0,237.0,39.0,5.0,4.0
xiezhi1000006,华A6CU11,2017-01-07 12:00:22,12,1.0,1.0,"","","",11.0,11.0,71.0,7.0,1.0,""
zengpeng1000000,华AZQ110,2017-01-01 14:00:06,14,5.0,5.0,2.0,2.0,5.0,11.0,11.0,144.0,25.0,2.0,1.0
zengpeng1000000,华AZQ110,2017-01-02 18:00:02,18,1.0,1.0,3.0,3.0,15.0,35.0,35.0,347.0,37.0,4.0,6.0
zengpeng1000000,华AZQ110,2017-01-08 17:00:23,17,7.0,8.0,4.0,4.0,55.0,27.0,27.0,170.0,47.0,4.0,3.0
zouan1000007,华A58M83,2017-01-03 17:00:53,17,5.0,5.0,1.0,1.0,2.0,27.0,27.0,267.0,32.0,6.0,2.0
zouan1000007,华A58M83,2017-01-03 22:00:49,22,1.0,7.0,2.0,2.0,5.0,34.0,34.0,390.0,40.0,8.0,4.0
zouan1000007,华A58M83,2017-01-03 23:00:41,23,3.0,5.0,1.0,1.0,38.0,40.0,40.0,246.0,31.0,2.0,5.0
zouan1000007,华A58M83,2017-01-06 16:01:13,16,6.0,5.0,2.0,2.0,21.0,22.0,22.0,161.0,32.0,3.0,8.0
zouan1000007,华A58M83,2017-01-06 19:00:57,19,5.0,4.0,3.0,3.0,40.0,41.0,41.0,465.0,35.0,4.0,4.0
zouan1000007,华A58M83,2017-01-07 01:00:11,1,6.0,2.0,5.0,5.0,68.0,32.0,32.0,315.0,26.0,1.0,5.0
zouan1000007,华A58M83,2017-01-08 02:00:15,2,2.0,4.0,3.0,4.0,28.0,28.0,28.0,282.0,32.0,3.0,1.0
zouan1000007,华A58M83,2017-01-09 16:00:17,16,6.0,5.0,4.0,4.0,17.0,29.0,29.0,278.0,50.0,5.0,2.0
duxu1000009,华AT75H8,2017-01-01 08:00:13,8,2.0,3.0,2.0,2.0,12.0,39.0,38.0,365.0,43.0,4.0,4.0
duxu1000009,华AT75H8,2017-01-05 19:00:59,19,2.0,"",2.0,2.0,13.0,37.0,37.0,315.0,40.0,3.0,3.0
duxu1000009,华AT75H8,2017-01-06 16:00:37,16,7.0,5.0,3.0,3.0,92.0,27.0,26.0,214.0,39.0,2.0,5.0
duxu1000009,华AT75H8,2017-01-08 17:00:27,17,3.0,2.0,6.0,6.0,44.0,35.0,35.0,294.0,43.0,5.0,2.0
hanhui1000002,华AZI419,2017-01-01 21:00:02,21,3.0,3.0,1.0,1.0,12.0,26.0,26.0,348.0,36.0,4.0,4.0
hanhui1000002,华AZI419,2017-01-02 19:00:01,19,8.0,"",5.0,5.0,38.0,32.0,32.0,321.0,38.0,4.0,1.0
hanhui1000002,华AZI419,2017-01-07 03:00:04,3,3.0,1.0,4.0,4.0,24.0,33.0,33.0,379.0,43.0,1.0,3.0
hanhui1000002,华AZI419,2017-01-08 04:00:06,4,7.0,4.0,8.0,8.0,119.0,35.0,35.0,279.0,41.0,6.0,2.0
haowei1000008,华A709GB,2017-01-01 08:00:08,8,1.0,4.0,3.0,3.0,23.0,39.0,39.0,382.0,37.0,6.0,4.0
haowei1000008,华A709GB,2017-01-05 01:00:27,1,3.0,1.0,4.0,4.0,20.0,27.0,27.0,252.0,30.0,2.0,4.0
haowei1000008,华A709GB,2017-01-05 18:00:21,18,4.0,6.0,3.0,3.0,48.0,31.0,31.0,223.0,30.0,5.0,4.0
haowei1000008,华A709GB,2017-01-07 16:01:15,16,2.0,6.0,3.0,3.0,8.0,40.0,40.0,324.0,29.0,7.0,5.0
haowei1000008,华A709GB,2017-01-09 16:00:43,16,5.0,5.0,1.0,1.0,11.0,31.0,31.0,201.0,27.0,4.0,1.0
likun1000003,华AVM936,2017-01-01 14:00:20,14,5.0,2.0,3.0,3.0,50.0,39.0,39.0,498.0,30.0,3.0,4.0
likun1000003,华AVM936,2017-01-03 19:02:08,19,3.0,5.0,7.0,7.0,88.0,33.0,33.0,361.0,40.0,2.0,3.0
panxian1000005,华AX542C,2017-01-01 12:00:02,12,4.0,7.0,2.0,2.0,20.0,38.0,39.0,390.0,40.0,4.0,2.0
panxian1000005,华AX542C,2017-01-06 21:00:03,21,7.0,3.0,5.0,5.0,19.0,33.0,33.0,334.0,47.0,7.0,4.0
shenxian1000004,华ADJ750,2017-01-05 22:00:22,22,4.0,3.0,"","","",32.0,32.0,504.0,46.0,4.0,2.0
shenxian1000004,华ADJ750,2017-01-06 10:00:04,10,3.0,3.0,3.0,3.0,47.0,30.0,30.0,345.0,37.0,5.0,4.0
shenxian1000004,华ADJ750,2017-01-10 16:00:13,16,3.0,2.0,4.0,4.0,31.0,35.0,35.0,249.0,37.0,3.0,3.0
shenxian1000004,华ADJ750,2017-01-11 05:00:19,5,2.0,2.0,5.0,5.0,46.0,37.0,37.0,261.0,41.0,4.0,3.0
shenxian1000004,华ADJ750,2017-01-11 07:01:14,7,6.0,4.0,3.0,3.0,17.0,35.0,35.0,544.0,44.0,6.0,6.0
xiexiao1000001,华AEB132,2017-01-01 23:00:09,23,2.0,"","","","",13.0,13.0,149.0,18.0,2.0,3.0
xiexiao1000001,华AEB132,2017-01-09 04:01:55,4,2.0,3.0,3.0,3.0,20.0,36.0,36.0,257.0,42.0,2.0,8.0
xiexiao1000001,华AEB132,2017-01-10 21:01:14,21,4.0,7.0,2.0,2.0,9.0,32.0,32.0,413.0,28.0,4.0,2.0
xiezhi1000006,华A6CU11,2017-01-01 08:00:07,8,5.0,3.0,4.0,4.0,65.0,28.0,28.0,250.0,44.0,5.0,9.0
zengpeng1000000,华AZQ110,2017-01-04 00:00:10,0,5.0,"",2.0,2.0,20.0,34.0,34.0,333.0,31.0,5.0,5.0
zengpeng1000000,华AZQ110,2017-01-05 18:00:11,18,2.0,2.0,3.0,3.0,27.0,32.0,32.0,286.0,40.0,5.0,3.0
zengpeng1000000,华AZQ110,2017-01-05 19:00:06,19,2.0,3.0,4.0,4.0,49.0,38.0,38.0,316.0,42.0,1.0,3.0
zengpeng1000000,华AZQ110,2017-01-06 18:00:40,18,5.0,4.0,"","","",22.0,22.0,202.0,35.0,2.0,5.0
zengpeng1000000,华AZQ110,2017-01-09 00:00:22,0,2.0,4.0,3.0,3.0,15.0,30.0,30.0,262.0,35.0,1.0,5.0
zengpeng1000000,华AZQ110,2017-01-09 02:00:56,2,7.0,7.0,7.0,7.0,54.0,34.0,34.0,275.0,38.0,4.0,6.0
zouan1000007,华A58M83,2017-01-04 02:00:06,2,2.0,6.0,3.0,3.0,38.0,30.0,30.0,262.0,42.0,4.0,5.0
zouan1000007,华A58M83,2017-01-04 17:00:15,17,3.0,4.0,6.0,6.0,46.0,40.0,39.0,366.0,49.0,2.0,4.0
zouan1000007,华A58M83,2017-01-05 20:00:02,20,5.0,4.0,2.0,2.0,34.0,35.0,35.0,285.0,38.0,1.0,2.0
zouan1000007,华A58M83,2017-01-10 01:01:04,1,2.0,4.0,1.0,1.0,2.0,33.0,33.0,307.0,39.0,4.0,4.0
duxu1000009,华AT75H8,2017-01-04 01:00:00,1,5.0,5.0,1.0,1.0,34.0,30.0,31.0,455.0,51.0,6.0,5.0
duxu1000009,华AT75H8,2017-01-05 22:00:49,22,1.0,1.0,7.0,7.0,17.0,24.0,23.0,282.0,33.0,3.0,2.0
hanhui1000002,华AZI419,2017-01-04 22:00:32,22,4.0,5.0,3.0,3.0,62.0,36.0,36.0,337.0,43.0,4.0,3.0
hanhui1000002,华AZI419,2017-01-05 20:01:03,20,5.0,5.0,3.0,3.0,21.0,38.0,38.0,258.0,31.0,5.0,6.0
hanhui1000002,华AZI419,2017-01-07 16:00:08,16,2.0,6.0,6.0,6.0,66.0,53.0,53.0,413.0,47.0,7.0,3.0
hanhui1000002,华AZI419,2017-01-08 00:00:03,0,4.0,8.0,4.0,4.0,47.0,31.0,31.0,402.0,32.0,4.0,4.0
hanhui1000002,华AZI419,2017-01-08 07:00:05,7,4.0,4.0,3.0,3.0,40.0,19.0,19.0,170.0,17.0,4.0,1.0
hanhui1000002,华AZI419,2017-01-08 20:00:59,20,4.0,7.0,5.0,5.0,42.0,43.0,43.0,309.0,45.0,4.0,2.0
hanhui1000002,华AZI419,2017-01-09 06:00:53,6,3.0,6.0,1.0,1.0,1.0,29.0,29.0,271.0,34.0,2.0,2.0
haowei1000008,华A709GB,2017-01-05 17:01:06,17,4.0,4.0,2.0,2.0,4.0,37.0,37.0,363.0,34.0,2.0,10.0
haowei1000008,华A709GB,2017-01-05 19:00:39,19,6.0,7.0,1.0,1.0,1.0,36.0,36.0,281.0,54.0,7.0,6.0
haowei1000008,华A709GB,2017-01-05 20:00:09,20,4.0,4.0,5.0,5.0,18.0,38.0,38.0,468.0,39.0,4.0,5.0
haowei1000008,华A709GB,2017-01-08 04:00:35,4,2.0,2.0,2.0,2.0,13.0,17.0,17.0,198.0,16.0,1.0,2.0
haowei1000008,华A709GB,2017-01-08 23:00:04,23,5.0,4.0,2.0,2.0,1.0,15.0,14.0,126.0,21.0,2.0,1.0
haowei1000008,华A709GB,2017-01-09 17:01:53,17,1.0,"",2.0,2.0,7.0,23.0,23.0,165.0,28.0,2.0,4.0
likun1000003,华AVM936,2017-01-01 08:00:05,8,9.0,5.0,3.0,3.0,36.0,37.0,37.0,348.0,40.0,6.0,4.0
likun1000003,华AVM936,2017-01-02 20:00:34,20,4.0,2.0,3.0,3.0,34.0,33.0,33.0,219.0,43.0,5.0,2.0
likun1000003,华AVM936,2017-01-05 23:00:05,23,"","",1.0,1.0,4.0,4.0,3.0,30.0,3.0,"",""
panxian1000005,华AX542C,2017-01-02 21:00:24,21,6.0,6.0,5.0,5.0,32.0,29.0,29.0,213.0,36.0,2.0,7.0
panxian1000005,华AX542C,2017-01-04 21:01:04,21,"",2.0,"","","",6.0,6.0,75.0,10.0,"",1.0
panxian1000005,华AX542C,2017-01-08 22:00:07,22,4.0,7.0,3.0,3.0,25.0,35.0,35.0,527.0,40.0,3.0,5.0
panxian1000005,华AX542C,2017-01-09 06:00:10,6,1.0,"","","","",5.0,6.0,70.0,6.0,"",1.0
shenxian1000004,华ADJ750,2017-01-01 11:00:02,11,2.0,2.0,3.0,3.0,16.0,21.0,22.0,341.0,31.0,2.0,4.0
shenxian1000004,华ADJ750,2017-01-02 17:00:23,17,6.0,"",4.0,4.0,59.0,36.0,36.0,386.0,39.0,3.0,4.0
shenxian1000004,华ADJ750,2017-01-03 22:00:16,22,7.0,3.0,3.0,3.0,44.0,39.0,39.0,346.0,51.0,5.0,3.0
shenxian1000004,华ADJ750,2017-01-06 02:00:31,2,6.0,1.0,5.0,5.0,22.0,37.0,37.0,429.0,43.0,5.0,2.0
xiezhi1000006,华A6CU11,2017-01-04 23:00:26,23,2.0,2.0,1.0,1.0,8.0,17.0,17.0,105.0,22.0,3.0,2.0
xiezhi1000006,华A6CU11,2017-01-06 17:00:26,17,2.0,3.0,2.0,2.0,20.0,28.0,28.0,350.0,38.0,4.0,4.0
xiezhi1000006,华A6CU11,2017-01-10 17:00:08,17,5.0,3.0,3.0,3.0,51.0,34.0,34.0,268.0,32.0,4.0,3.0
zengpeng1000000,华AZQ110,2017-01-03 00:00:11,0,2.0,6.0,1.0,1.0,3.0,30.0,30.0,202.0,42.0,7.0,4.0
zengpeng1000000,华AZQ110,2017-01-06 23:01:28,23,8.0,4.0,5.0,5.0,50.0,41.0,41.0,279.0,39.0,5.0,4.0
zengpeng1000000,华AZQ110,2017-01-07 20:00:14,20,4.0,2.0,2.0,2.0,30.0,43.0,43.0,421.0,44.0,5.0,1.0
zouan1000007,华A58M83,2017-01-02 16:00:04,16,3.0,3.0,3.0,3.0,9.0,41.0,41.0,448.0,36.0,3.0,7.0
zouan1000007,华A58M83,2017-01-03 19:00:19,19,8.0,4.0,3.0,3.0,7.0,29.0,29.0,441.0,36.0,4.0,2.0
zouan1000007,华A58M83,2017-01-04 19:00:01,19,5.0,5.0,1.0,1.0,12.0,33.0,33.0,344.0,37.0,6.0,2.0
zouan1000007,华A58M83,2017-01-05 19:00:02,19,9.0,3.0,1.0,1.0,0.0,30.0,30.0,299.0,33.0,9.0,4.0
duxu1000009,华AT75H8,2017-01-02 23:00:53,23,4.0,1.0,5.0,5.0,158.0,37.0,37.0,415.0,58.0,2.0,5.0
duxu1000009,华AT75H8,2017-01-08 19:00:38,19,3.0,1.0,3.0,3.0,62.0,37.0,37.0,327.0,51.0,1.0,3.0
hanhui1000002,华AZI419,2017-01-04 20:00:51,20,6.0,3.0,"","","",32.0,31.0,263.0,32.0,2.0,6.0
hanhui1000002,华AZI419,2017-01-08 03:00:00,3,3.0,3.0,1.0,1.0,2.0,39.0,40.0,420.0,46.0,6.0,1.0
haowei1000008,华A709GB,2017-01-08 22:00:02,22,6.0,3.0,6.0,6.0,56.0,36.0,36.0,370.0,49.0,2.0,5.0
likun1000003,华AVM936,2017-01-05 05:00:07,5,2.0,4.0,3.0,3.0,24.0,33.0,34.0,247.0,45.0,7.0,6.0
likun1000003,华AVM936,2017-01-05 06:00:00,6,5.0,5.0,2.0,2.0,2.0,27.0,27.0,285.0,43.0,2.0,6.0
likun1000003,华AVM936,2017-01-08 19:00:13,19,3.0,6.0,4.0,4.0,59.0,35.0,35.0,503.0,27.0,4.0,1.0
panxian1000005,华AX542C,2017-01-01 08:00:33,8,1.0,4.0,3.0,3.0,31.0,35.0,35.0,342.0,43.0,"",5.0
panxian1000005,华AX542C,2017-01-04 19:00:43,19,2.0,2.0,6.0,6.0,28.0,25.0,25.0,295.0,41.0,5.0,4.0
panxian1000005,华AX542C,2017-01-07 01:01:05,1,4.0,2.0,1.0,1.0,7.0,33.0,33.0,273.0,43.0,5.0,8.0
panxian1000005,华AX542C,2017-01-10 02:00:16,2,4.0,4.0,3.0,3.0,9.0,27.0,27.0,292.0,45.0,6.0,7.0
panxian1000005,华AX542C,2017-01-11 01:00:16,1,1.0,"",1.0,1.0,8.0,20.0,20.0,179.0,22.0,2.0,1.0
shenxian1000004,华ADJ750,2017-01-01 15:01:04,15,"","",1.0,1.0,72.0,7.0,7.0,61.0,8.0,"",1.0
shenxian1000004,华ADJ750,2017-01-04 05:00:45,5,6.0,4.0,2.0,2.0,5.0,31.0,30.0,256.0,45.0,4.0,5.0
shenxian1000004,华ADJ750,2017-01-07 16:00:02,16,2.0,1.0,5.0,5.0,61.0,29.0,29.0,338.0,41.0,5.0,3.0
shenxian1000004,华ADJ750,2017-01-07 19:01:05,19,5.0,3.0,5.0,5.0,38.0,36.0,36.0,285.0,48.0,3.0,3.0
shenxian1000004,华ADJ750,2017-01-09 20:00:06,20,8.0,2.0,4.0,4.0,118.0,40.0,40.0,418.0,47.0,7.0,4.0
xiexiao1000001,华AEB132,2017-01-02 16:00:06,16,4.0,4.0,2.0,2.0,36.0,36.0,36.0,464.0,40.0,8.0,7.0
xiexiao1000001,华AEB132,2017-01-09 05:00:10,5,3.0,4.0,3.0,3.0,12.0,34.0,34.0,370.0,28.0,6.0,6.0
xiezhi1000006,华A6CU11,2017-01-01 18:00:06,18,7.0,3.0,5.0,5.0,32.0,27.0,27.0,356.0,38.0,2.0,2.0
xiezhi1000006,华A6CU11,2017-01-03 23:01:26,23,5.0,4.0,3.0,3.0,9.0,41.0,41.0,488.0,51.0,2.0,5.0
xiezhi1000006,华A6CU11,2017-01-06 16:01:36,16,3.0,6.0,1.0,1.0,3.0,33.0,33.0,294.0,34.0,8.0,""
xiezhi1000006,华A6CU11,2017-01-07 00:00:31,0,3.0,2.0,2.0,2.0,10.0,43.0,42.0,472.0,43.0,4.0,4.0
xiezhi1000006,华A6CU11,2017-01-10 22:00:25,22,4.0,3.0,5.0,5.0,135.0,30.0,30.0,411.0,38.0,6.0,3.0
zengpeng1000000,华AZQ110,2017-01-02 19:00:01,19,8.0,4.0,1.0,1.0,5.0,36.0,36.0,298.0,35.0,3.0,3.0
zengpeng1000000,华AZQ110,2017-01-03 01:00:53,1,7.0,"",3.0,3.0,63.0,39.0,39.0,416.0,32.0,4.0,2.0
zengpeng1000000,华AZQ110,2017-01-05 17:00:17,17,6.0,7.0,5.0,5.0,45.0,37.0,37.0,438.0,36.0,5.0,4.0
zouan1000007,华A58M83,2017-01-04 21:00:22,21,3.0,7.0,3.0,3.0,76.0,34.0,34.0,405.0,57.0,2.0,4.0
zouan1000007,华A58M83,2017-01-06 20:02:21,20,4.0,2.0,3.0,3.0,104.0,36.0,36.0,319.0,36.0,1.0,4.0
zouan1000007,华A58M83,2017-01-07 21:00:46,21,1.0,2.0,6.0,6.0,36.0,27.0,27.0,258.0,39.0,5.0,2.0
zouan1000007,华A58M83,2017-01-08 00:01:48,0,3.0,7.0,7.0,7.0,9.0,38.0,38.0,313.0,37.0,10.0,3.0
zouan1000007,华A58M83,2017-01-08 01:00:01,1,2.0,1.0,3.0,2.0,12.0,35.0,35.0,224.0,46.0,6.0,8.0
zouan1000007,华A58M83,2017-01-08 22:00:16,22,1.0,6.0,3.0,3.0,54.0,32.0,32.0,383.0,43.0,3.0,5.0
zouan1000007,华A58M83,2017-01-10 03:00:31,3,2.0,1.0,6.0,6.0,67.0,32.0,32.0,222.0,50.0,8.0,2.0
duxu1000009,华AT75H8,2017-01-02 18:00:00,18,4.0,6.0,5.0,5.0,47.0,31.0,31.0,336.0,40.0,4.0,2.0
duxu1000009,华AT75H8,2017-01-02 19:00:23,19,2.0,4.0,9.0,9.0,93.0,32.0,32.0,391.0,45.0,6.0,2.0
duxu1000009,华AT75H8,2017-01-03 20:01:08,20,6.0,"",4.0,4.0,63.0,34.0,33.0,174.0,46.0,2.0,2.0
duxu1000009,华AT75H8,2017-01-04 04:00:40,4,3.0,2.0,"","","",30.0,30.0,398.0,37.0,2.0,5.0
duxu1000009,华AT75H8,2017-01-09 20:00:26,20,2.0,6.0,1.0,1.0,0.0,34.0,34.0,360.0,28.0,3.0,1.0
duxu1000009,华AT75H8,2017-01-09 21:00:39,21,"","",1.0,1.0,16.0,9.0,10.0,117.0,5.0,2.0,""
hanhui1000002,华AZI419,2017-01-01 09:00:11,9,4.0,3.0,2.0,2.0,12.0,24.0,24.0,254.0,29.0,5.0,3.0
hanhui1000002,华AZI419,2017-01-02 20:00:28,20,6.0,3.0,4.0,4.0,79.0,26.0,26.0,224.0,48.0,2.0,5.0
hanhui1000002,华AZI419,2017-01-06 01:00:10,1,10.0,9.0,4.0,4.0,46.0,29.0,29.0,274.0,54.0,4.0,2.0
hanhui1000002,华AZI419,2017-01-06 18:01:32,18,5.0,3.0,5.0,5.0,74.0,30.0,30.0,197.0,30.0,1.0,5.0
hanhui1000002,华AZI419,2017-01-07 17:00:54,17,5.0,3.0,6.0,6.0,44.0,36.0,36.0,343.0,33.0,5.0,3.0
hanhui1000002,华AZI419,2017-01-08 06:01:08,6,4.0,5.0,1.0,1.0,15.0,39.0,39.0,247.0,44.0,8.0,5.0
hanhui1000002,华AZI419,2017-01-10 19:00:24,19,3.0,3.0,3.0,3.0,6.0,37.0,37.0,320.0,29.0,1.0,2.0
hanhui1000002,华AZI419,2017-01-10 22:00:17,22,5.0,6.0,2.0,2.0,12.0,28.0,27.0,219.0,33.0,3.0,8.0
haowei1000008,华A709GB,2017-01-05 22:01:38,22,6.0,4.0,5.0,5.0,23.0,41.0,41.0,368.0,46.0,3.0,6.0
haowei1000008,华A709GB,2017-01-10 23:00:26,23,3.0,11.0,5.0,5.0,58.0,30.0,30.0,213.0,35.0,3.0,1.0
likun1000003,华AVM936,2017-01-02 17:00:18,17,3.0,4.0,3.0,3.0,98.0,31.0,31.0,229.0,37.0,2.0,4.0
likun1000003,华AVM936,2017-01-04 18:00:25,18,3.0,3.0,6.0,6.0,88.0,33.0,33.0,366.0,60.0,6.0,5.0
likun1000003,华AVM936,2017-01-10 18:00:41,18,6.0,4.0,4.0,4.0,85.0,28.0,28.0,198.0,40.0,3.0,2.0
panxian1000005,华AX542C,2017-01-03 23:00:10,23,6.0,6.0,2.0,2.0,4.0,31.0,31.0,357.0,45.0,4.0,4.0
panxian1000005,华AX542C,2017-01-06 16:00:13,16,3.0,4.0,2.0,2.0,12.0,31.0,31.0,305.0,36.0,7.0,5.0
panxian1000005,华AX542C,2017-01-07 00:00:15,0,6.0,4.0,"","","",23.0,23.0,152.0,36.0,3.0,3.0
panxian1000005,华AX542C,2017-01-08 20:00:04,20,6.0,5.0,5.0,5.0,42.0,27.0,27.0,266.0,41.0,1.0,5.0
shenxian1000004,华ADJ750,2017-01-08 02:00:13,2,"",1.0,1.0,1.0,26.0,18.0,18.0,196.0,21.0,3.0,2.0
xiexiao1000001,华AEB132,2017-01-01 10:02:00,10,1.0,1.0,3.0,3.0,43.0,29.0,29.0,293.0,31.0,5.0,3.0
xiexiao1000001,华AEB132,2017-01-01 18:01:40,18,8.0,3.0,6.0,6.0,79.0,30.0,30.0,203.0,44.0,4.0,4.0
xiexiao1000001,华AEB132,2017-01-09 17:02:15,17,5.0,1.0,5.0,5.0,16.0,27.0,27.0,240.0,46.0,1.0,3.0
xiezhi1000006,华A6CU11,2017-01-04 17:00:11,17,2.0,3.0,2.0,2.0,29.0,40.0,40.0,380.0,36.0,4.0,3.0
xiezhi1000006,华A6CU11,2017-01-07 10:00:21,10,6.0,6.0,6.0,6.0,41.0,48.0,49.0,389.0,47.0,6.0,4.0
xiezhi1000006,华A6CU11,2017-01-10 20:00:24,20,4.0,4.0,2.0,2.0,31.0,41.0,41.0,340.0,58.0,2.0,4.0
zengpeng1000000,华AZQ110,2017-01-07 00:02:08,0,2.0,2.0,5.0,5.0,111.0,32.0,32.0,257.0,37.0,2.0,5.0
zengpeng1000000,华AZQ110,2017-01-11 00:00:20,0,3.0,7.0,4.0,4.0,30.0,40.0,40.0,374.0,29.0,4.0,3.0
zouan1000007,华A58M83,2017-01-04 23:00:23,23,7.0,3.0,2.0,2.0,1.0,25.0,25.0,208.0,39.0,5.0,5.0
zouan1000007,华A58M83,2017-01-05 18:00:26,18,4.0,6.0,3.0,3.0,14.0,32.0,32.0,337.0,37.0,4.0,2.0
zouan1000007,华A58M83,2017-01-08 04:00:05,4,9.0,9.0,4.0,4.0,54.0,42.0,42.0,445.0,42.0,4.0,4.0
zouan1000007,华A58M83,2017-01-09 18:00:23,18,1.0,4.0,3.0,3.0,11.0,31.0,31.0,242.0,19.0,5.0,3.0
duxu1000009,华AT75H8,2017-01-01 17:01:06,17,3.0,2.0,3.0,3.0,43.0,42.0,42.0,307.0,46.0,4.0,2.0
hanhui1000002,华AZI419,2017-01-04 19:00:11,19,6.0,3.0,2.0,2.0,12.0,39.0,39.0,364.0,38.0,6.0,3.0
hanhui1000002,华AZI419,2017-01-07 20:00:42,20,5.0,7.0,3.0,3.0,43.0,26.0,26.0,132.0,46.0,"",2.0
hanhui1000002,华AZI419,2017-01-08 22:01:00,22,7.0,4.0,2.0,2.0,13.0,30.0,30.0,299.0,55.0,4.0,2.0
hanhui1000002,华AZI419,2017-01-09 03:00:06,3,2.0,2.0,5.0,5.0,31.0,24.0,24.0,229.0,46.0,1.0,2.0
haowei1000008,华A709GB,2017-01-02 20:01:13,20,4.0,6.0,8.0,8.0,51.0,28.0,27.0,282.0,45.0,7.0,2.0
haowei1000008,华A709GB,2017-01-02 21:00:06,21,4.0,2.0,2.0,2.0,48.0,23.0,24.0,267.0,38.0,1.0,3.0
haowei1000008,华A709GB,2017-01-05 23:00:15,23,3.0,1.0,2.0,2.0,23.0,13.0,12.0,145.0,15.0,"",""
haowei1000008,华A709GB,2017-01-10 03:00:00,3,3.0,6.0,7.0,7.0,38.0,33.0,33.0,372.0,37.0,3.0,4.0
haowei1000008,华A709GB,2017-01-11 01:00:34,1,5.0,5.0,5.0,5.0,39.0,27.0,27.0,326.0,37.0,4.0,5.0
likun1000003,华AVM936,2017-01-01 11:00:15,11,5.0,2.0,1.0,1.0,1.0,33.0,33.0,380.0,29.0,7.0,3.0
likun1000003,华AVM936,2017-01-01 15:01:42,15,4.0,4.0,5.0,5.0,65.0,33.0,33.0,323.0,39.0,3.0,4.0
likun1000003,华AVM936,2017-01-04 07:00:38,7,2.0,1.0,2.0,2.0,2.0,28.0,29.0,329.0,29.0,3.0,2.0
likun1000003,华AVM936,2017-01-05 02:00:22,2,4.0,3.0,3.0,3.0,14.0,33.0,33.0,294.0,41.0,5.0,3.0
likun1000003,华AVM936,2017-01-08 16:03:06,16,2.0,3.0,1.0,1.0,7.0,32.0,32.0,361.0,33.0,1.0,3.0
panxian1000005,华AX542C,2017-01-02 20:00:00,20,6.0,5.0,3.0,3.0,19.0,36.0,36.0,358.0,48.0,5.0,4.0
panxian1000005,华AX542C,2017-01-04 18:00:19,18,6.0,3.0,4.0,4.0,49.0,30.0,30.0,250.0,54.0,2.0,3.0
panxian1000005,华AX542C,2017-01-05 21:03:26,21,"",4.0,3.0,3.0,14.0,35.0,35.0,380.0,36.0,9.0,3.0
panxian1000005,华AX542C,2017-01-08 19:00:57,19,4.0,"",1.0,1.0,3.0,38.0,38.0,229.0,46.0,6.0,5.0
panxian1000005,华AX542C,2017-01-08 23:00:28,23,4.0,6.0,2.0,2.0,9.0,37.0,37.0,427.0,37.0,3.0,4.0
panxian1000005,华AX542C,2017-01-09 23:00:41,23,4.0,2.0,5.0,5.0,93.0,36.0,36.0,371.0,40.0,4.0,4.0
shenxian1000004,华ADJ750,2017-01-01 08:01:04,8,6.0,5.0,4.0,4.0,27.0,38.0,38.0,313.0,34.0,7.0,3.0
shenxian1000004,华ADJ750,2017-01-01 13:00:32,13,4.0,6.0,1.0,1.0,0.0,32.0,32.0,351.0,31.0,6.0,8.0
shenxian1000004,华ADJ750,2017-01-03 23:02:15,23,3.0,2.0,3.0,3.0,22.0,43.0,43.0,549.0,47.0,8.0,7.0
shenxian1000004,华ADJ750,2017-01-04 00:03:18,0,3.0,10.0,3.0,3.0,4.0,30.0,29.0,315.0,25.0,7.0,5.0
shenxian1000004,华ADJ750,2017-01-05 19:00:43,19,4.0,4.0,1.0,1.0,8.0,33.0,33.0,289.0,36.0,6.0,3.0
xiexiao1000001,华AEB132,2017-01-03 01:00:11,1,1.0,3.0,1.0,1.0,4.0,31.0,31.0,272.0,23.0,4.0,2.0
xiexiao1000001,华AEB132,2017-01-09 01:00:16,1,8.0,7.0,4.0,4.0,47.0,34.0,34.0,192.0,38.0,1.0,2.0
xiexiao1000001,华AEB132,2017-01-10 17:00:22,17,3.0,1.0,2.0,2.0,47.0,28.0,28.0,269.0,33.0,"",6.0
xiezhi1000006,华A6CU11,2017-01-06 22:00:37,22,4.0,5.0,4.0,4.0,32.0,41.0,41.0,323.0,41.0,6.0,5.0
zengpeng1000000,华AZQ110,2017-01-05 22:00:32,22,"",5.0,2.0,2.0,8.0,15.0,15.0,67.0,25.0,1.0,2.0
zengpeng1000000,华AZQ110,2017-01-09 06:00:02,6,4.0,6.0,7.0,7.0,93.0,20.0,20.0,151.0,30.0,6.0,1.0
zouan1000007,华A58M83,2017-01-01 11:00:46,11,4.0,4.0,2.0,2.0,28.0,40.0,40.0,365.0,42.0,5.0,2.0
zouan1000007,华A58M83,2017-01-05 16:00:32,16,7.0,6.0,4.0,4.0,39.0,34.0,34.0,426.0,43.0,3.0,6.0
zouan1000007,华A58M83,2017-01-07 22:00:51,22,10.0,4.0,2.0,2.0,7.0,35.0,35.0,289.0,41.0,4.0,3.0
zouan1000007,华A58M83,2017-01-09 01:00:18,1,6.0,7.0,2.0,2.0,43.0,35.0,35.0,411.0,50.0,4.0,5.0
duxu1000009,华AT75H8,2017-01-01 22:00:08,22,3.0,1.0,"","","",9.0,9.0,74.0,12.0,1.0,""
duxu1000009,华AT75H8,2017-01-05 16:00:22,16,2.0,3.0,1.0,1.0,0.0,31.0,31.0,207.0,39.0,6.0,5.0
duxu1000009,华AT75H8,2017-01-08 16:01:48,16,2.0,2.0,2.0,2.0,51.0,28.0,28.0,203.0,31.0,5.0,4.0
duxu1000009,华AT75H8,2017-01-09 19:00:08,19,3.0,4.0,3.0,3.0,9.0,32.0,31.0,157.0,33.0,7.0,4.0
hanhui1000002,华AZI419,2017-01-06 19:03:17,19,4.0,3.0,2.0,2.0,43.0,33.0,33.0,351.0,41.0,6.0,4.0
hanhui1000002,华AZI419,2017-01-08 21:01:09,21,6.0,4.0,5.0,5.0,19.0,27.0,27.0,217.0,39.0,2.0,6.0
hanhui1000002,华AZI419,2017-01-10 20:01:17,20,4.0,3.0,2.0,2.0,24.0,24.0,24.0,435.0,29.0,3.0,4.0
hanhui1000002,华AZI419,2017-01-10 23:00:17,23,4.0,7.0,"","","",33.0,34.0,313.0,32.0,1.0,3.0
hanhui1000002,华AZI419,2017-01-11 01:00:00,1,4.0,4.0,1.0,1.0,10.0,32.0,32.0,377.0,42.0,3.0,3.0
hanhui1000002,华AZI419,2017-01-11 06:00:44,6,4.0,4.0,1.0,1.0,2.0,35.0,35.0,254.0,34.0,7.0,5.0
haowei1000008,华A709GB,2017-01-08 19:00:09,19,5.0,2.0,1.0,1.0,6.0,47.0,47.0,405.0,45.0,2.0,6.0
likun1000003,华AVM936,2017-01-01 09:03:14,9,2.0,5.0,4.0,4.0,22.0,34.0,34.0,293.0,45.0,1.0,6.0
likun1000003,华AVM936,2017-01-04 04:00:03,4,3.0,5.0,5.0,5.0,19.0,43.0,43.0,301.0,43.0,6.0,7.0
likun1000003,华AVM936,2017-01-04 22:00:27,22,2.0,2.0,6.0,6.0,132.0,33.0,33.0,204.0,48.0,2.0,5.0
panxian1000005,华AX542C,2017-01-02 18:00:23,18,2.0,6.0,1.0,1.0,5.0,39.0,39.0,290.0,39.0,5.0,3.0
panxian1000005,华AX542C,2017-01-05 23:00:46,23,2.0,2.0,3.0,3.0,17.0,23.0,23.0,351.0,38.0,4.0,3.0
shenxian1000004,华ADJ750,2017-01-02 19:01:23,19,6.0,5.0,2.0,2.0,15.0,31.0,31.0,310.0,37.0,3.0,1.0
shenxian1000004,华ADJ750,2017-01-06 11:02:43,11,"","","","","",13.0,13.0,153.0,19.0,2.0,""
shenxian1000004,华ADJ750,2017-01-08 22:00:42,22,4.0,4.0,"","","",33.0,33.0,374.0,36.0,1.0,3.0
shenxian1000004,华ADJ750,2017-01-09 01:02:26,1,1.0,2.0,1.0,1.0,6.0,20.0,20.0,202.0,28.0,4.0,""
shenxian1000004,华ADJ750,2017-01-09 17:00:05,17,7.0,4.0,4.0,4.0,44.0,26.0,27.0,298.0,38.0,2.0,3.0
shenxian1000004,华ADJ750,2017-01-10 20:00:09,20,4.0,5.0,4.0,4.0,19.0,28.0,28.0,227.0,42.0,6.0,4.0
xiexiao1000001,华AEB132,2017-01-01 20:00:54,20,3.0,4.0,2.0,2.0,16.0,35.0,35.0,433.0,30.0,1.0,7.0
xiexiao1000001,华AEB132,2017-01-05 17:01:20,17,6.0,1.0,1.0,1.0,0.0,30.0,30.0,256.0,27.0,7.0,3.0
xiexiao1000001,华AEB132,2017-01-06 03:01:37,3,6.0,3.0,1.0,1.0,4.0,31.0,31.0,323.0,24.0,7.0,5.0
xiexiao1000001,华AEB132,2017-01-06 16:00:33,16,"",3.0,1.0,1.0,7.0,28.0,28.0,179.0,43.0,5.0,5.0
xiezhi1000006,华A6CU11,2017-01-06 18:00:41,18,3.0,1.0,2.0,2.0,43.0,39.0,39.0,237.0,45.0,2.0,3.0
xiezhi1000006,华A6CU11,2017-01-09 20:00:37,20,4.0,1.0,4.0,4.0,28.0,34.0,34.0,295.0,48.0,5.0,3.0
zengpeng1000000,华AZQ110,2017-01-03 19:01:45,19,3.0,3.0,2.0,2.0,2.0,34.0,33.0,387.0,47.0,"",3.0
zengpeng1000000,华AZQ110,2017-01-03 20:00:10,20,4.0,7.0,2.0,2.0,6.0,32.0,33.0,343.0,35.0,6.0,2.0
zengpeng1000000,华AZQ110,2017-01-04 05:00:57,5,5.0,4.0,2.0,2.0,8.0,26.0,26.0,242.0,31.0,1.0,4.0
zengpeng1000000,华AZQ110,2017-01-08 22:00:05,22,5.0,2.0,4.0,4.0,93.0,34.0,34.0,137.0,43.0,3.0,7.0
zengpeng1000000,华AZQ110,2017-01-09 04:00:40,4,4.0,3.0,3.0,3.0,27.0,33.0,33.0,335.0,48.0,4.0,5.0
zengpeng1000000,华AZQ110,2017-01-09 05:01:21,5,5.0,6.0,2.0,2.0,10.0,36.0,36.0,313.0,34.0,4.0,4.0
zouan1000007,华A58M83,2017-01-04 00:00:13,0,2.0,7.0,2.0,2.0,28.0,34.0,34.0,385.0,34.0,5.0,9.0
zouan1000007,华A58M83,2017-01-04 03:02:06,3,2.0,"","","","",6.0,6.0,54.0,13.0,"",""
hanhui1000002,华AZI419,2017-01-01 11:01:04,11,3.0,5.0,1.0,1.0,1.0,27.0,27.0,260.0,36.0,3.0,1.0
hanhui1000002,华AZI419,2017-01-01 20:01:07,20,4.0,4.0,4.0,4.0,62.0,37.0,37.0,496.0,41.0,2.0,2.0
hanhui1000002,华AZI419,2017-01-02 23:01:25,23,4.0,3.0,5.0,5.0,53.0,39.0,39.0,517.0,38.0,2.0,4.0
hanhui1000002,华AZI419,2017-01-11 04:01:04,4,8.0,7.0,5.0,5.0,33.0,43.0,43.0,408.0,42.0,6.0,2.0
haowei1000008,华A709GB,2017-01-01 09:00:20,9,4.0,5.0,4.0,4.0,8.0,45.0,45.0,300.0,47.0,5.0,4.0
haowei1000008,华A709GB,2017-01-04 22:03:18,22,4.0,4.0,2.0,2.0,4.0,26.0,26.0,321.0,38.0,1.0,2.0
haowei1000008,华A709GB,2017-01-07 21:00:12,21,4.0,4.0,4.0,4.0,9.0,37.0,37.0,388.0,43.0,3.0,4.0
haowei1000008,华A709GB,2017-01-09 18:00:52,18,6.0,1.0,4.0,4.0,38.0,32.0,32.0,314.0,38.0,5.0,""
haowei1000008,华A709GB,2017-01-11 02:00:13,2,1.0,1.0,2.0,2.0,32.0,27.0,27.0,251.0,47.0,8.0,2.0
likun1000003,华AVM936,2017-01-02 16:00:02,16,4.0,3.0,2.0,2.0,7.0,31.0,31.0,283.0,38.0,3.0,4.0
likun1000003,华AVM936,2017-01-03 20:00:05,20,3.0,1.0,6.0,6.0,69.0,27.0,27.0,300.0,42.0,2.0,4.0
likun1000003,华AVM936,2017-01-04 02:01:18,2,5.0,3.0,3.0,3.0,21.0,25.0,25.0,287.0,46.0,5.0,4.0
likun1000003,华AVM936,2017-01-05 01:00:02,1,5.0,5.0,4.0,5.0,36.0,20.0,20.0,183.0,37.0,6.0,3.0
likun1000003,华AVM936,2017-01-09 03:01:13,3,2.0,5.0,2.0,2.0,22.0,31.0,31.0,406.0,32.0,2.0,5.0
panxian1000005,华AX542C,2017-01-04 05:00:35,5,4.0,2.0,2.0,2.0,1.0,36.0,36.0,524.0,28.0,4.0,3.0
panxian1000005,华AX542C,2017-01-06 17:01:30,17,5.0,5.0,2.0,2.0,2.0,33.0,33.0,278.0,42.0,6.0,2.0
panxian1000005,华AX542C,2017-01-07 17:00:00,17,2.0,4.0,8.0,8.0,48.0,36.0,36.0,361.0,38.0,2.0,3.0
panxian1000005,华AX542C,2017-01-09 01:00:15,1,3.0,6.0,3.0,3.0,19.0,23.0,23.0,267.0,45.0,7.0,7.0
panxian1000005,华AX542C,2017-01-09 17:01:37,17,3.0,4.0,6.0,6.0,70.0,30.0,30.0,372.0,35.0,7.0,4.0
shenxian1000004,华ADJ750,2017-01-01 12:02:36,12,6.0,2.0,6.0,6.0,77.0,32.0,32.0,369.0,35.0,3.0,5.0
shenxian1000004,华ADJ750,2017-01-06 03:01:04,3,7.0,4.0,1.0,1.0,6.0,37.0,37.0,443.0,43.0,3.0,3.0
xiexiao1000001,华AEB132,2017-01-01 15:00:10,15,"",2.0,1.0,1.0,5.0,30.0,30.0,296.0,45.0,6.0,3.0
xiexiao1000001,华AEB132,2017-01-03 00:00:31,0,5.0,7.0,4.0,4.0,24.0,31.0,31.0,286.0,36.0,8.0,1.0
xiexiao1000001,华AEB132,2017-01-05 19:00:12,19,3.0,4.0,2.0,2.0,33.0,29.0,28.0,369.0,30.0,3.0,5.0
xiexiao1000001,华AEB132,2017-01-06 01:00:49,1,2.0,5.0,1.0,1.0,6.0,25.0,25.0,302.0,29.0,10.0,4.0
xiexiao1000001,华AEB132,2017-01-09 06:00:12,6,"","",1.0,1.0,5.0,2.0,2.0,36.0,3.0,"",2.0
xiezhi1000006,华A6CU11,2017-01-01 17:00:16,17,2.0,3.0,4.0,4.0,40.0,46.0,46.0,477.0,50.0,1.0,4.0
xiezhi1000006,华A6CU11,2017-01-06 20:02:02,20,2.0,2.0,4.0,4.0,35.0,48.0,48.0,607.0,36.0,2.0,1.0
zengpeng1000000,华AZQ110,2017-01-02 16:01:02,16,3.0,2.0,5.0,5.0,43.0,32.0,32.0,348.0,45.0,1.0,9.0
zengpeng1000000,华AZQ110,2017-01-05 20:00:58,20,2.0,2.0,2.0,2.0,39.0,38.0,38.0,315.0,51.0,7.0,7.0
zengpeng1000000,华AZQ110,2017-01-06 22:00:02,22,1.0,2.0,9.0,9.0,184.0,32.0,32.0,409.0,32.0,3.0,3.0
zengpeng1000000,华AZQ110,2017-01-07 01:01:05,1,5.0,1.0,"","","",20.0,20.0,174.0,30.0,4.0,2.0
zengpeng1000000,华AZQ110,2017-01-07 16:00:27,16,5.0,7.0,4.0,4.0,36.0,35.0,35.0,285.0,47.0,6.0,5.0
zouan1000007,华A58M83,2017-01-01 12:00:06,12,3.0,6.0,1.0,1.0,15.0,25.0,25.0,420.0,31.0,4.0,3.0
zouan1000007,华A58M83,2017-01-02 22:00:10,22,2.0,1.0,8.0,8.0,84.0,24.0,24.0,211.0,38.0,4.0,5.0
zouan1000007,华A58M83,2017-01-05 00:00:05,0,6.0,2.0,3.0,3.0,23.0,27.0,27.0,280.0,32.0,5.0,6.0
duxu1000009,华AT75H8,2017-01-01 10:00:15,10,5.0,4.0,5.0,5.0,51.0,41.0,41.0,444.0,50.0,3.0,4.0
duxu1000009,华AT75H8,2017-01-02 21:00:29,21,5.0,4.0,3.0,3.0,38.0,35.0,35.0,275.0,50.0,7.0,6.0
duxu1000009,华AT75H8,2017-01-03 16:00:01,16,2.0,4.0,2.0,2.0,13.0,39.0,39.0,403.0,40.0,1.0,2.0
hanhui1000002,华AZI419,2017-01-01 12:02:22,12,3.0,4.0,3.0,3.0,18.0,38.0,38.0,446.0,27.0,3.0,6.0
hanhui1000002,华AZI419,2017-01-02 17:02:12,17,1.0,4.0,2.0,2.0,7.0,28.0,28.0,288.0,47.0,5.0,2.0
hanhui1000002,华AZI419,2017-01-02 22:01:26,22,3.0,9.0,4.0,4.0,35.0,36.0,36.0,231.0,34.0,5.0,2.0
hanhui1000002,华AZI419,2017-01-06 02:01:10,2,"","","","","",2.0,2.0,40.0,2.0,"",1.0
hanhui1000002,华AZI419,2017-01-08 16:01:02,16,2.0,7.0,4.0,4.0,25.0,41.0,41.0,508.0,35.0,4.0,3.0
haowei1000008,华A709GB,2017-01-02 16:02:02,16,"",6.0,2.0,2.0,14.0,26.0,25.0,442.0,48.0,1.0,7.0
haowei1000008,华A709GB,2017-01-02 17:00:01,17,9.0,2.0,1.0,1.0,0.0,28.0,29.0,415.0,32.0,3.0,2.0
haowei1000008,华A709GB,2017-01-10 16:00:03,16,1.0,6.0,5.0,5.0,49.0,32.0,32.0,316.0,38.0,3.0,1.0
likun1000003,华AVM936,2017-01-03 17:00:02,17,3.0,6.0,1.0,1.0,15.0,35.0,35.0,342.0,28.0,3.0,7.0
likun1000003,华AVM936,2017-01-09 18:02:06,18,3.0,2.0,6.0,6.0,40.0,21.0,21.0,327.0,40.0,"",4.0
likun1000003,华AVM936,2017-01-11 01:00:57,1,8.0,5.0,3.0,3.0,9.0,48.0,48.0,521.0,46.0,7.0,5.0
panxian1000005,华AX542C,2017-01-03 17:00:26,17,4.0,6.0,5.0,5.0,18.0,35.0,36.0,265.0,47.0,2.0,3.0
panxian1000005,华AX542C,2017-01-05 19:00:54,19,8.0,6.0,2.0,2.0,49.0,32.0,32.0,172.0,38.0,5.0,8.0
panxian1000005,华AX542C,2017-01-06 22:00:57,22,5.0,2.0,4.0,4.0,1.0,32.0,32.0,350.0,45.0,6.0,2.0
panxian1000005,华AX542C,2017-01-07 18:00:39,18,2.0,5.0,3.0,3.0,35.0,32.0,32.0,302.0,53.0,4.0,2.0
panxian1000005,华AX542C,2017-01-09 04:00:11,4,2.0,6.0,3.0,3.0,12.0,39.0,39.0,342.0,32.0,3.0,7.0
panxian1000005,华AX542C,2017-01-09 05:00:31,5,"",3.0,3.0,3.0,29.0,35.0,34.0,312.0,60.0,7.0,5.0
shenxian1000004,华ADJ750,2017-01-04 04:00:50,4,5.0,5.0,3.0,3.0,29.0,40.0,40.0,471.0,43.0,4.0,2.0
shenxian1000004,华ADJ750,2017-01-05 23:01:35,23,2.0,1.0,4.0,4.0,18.0,29.0,29.0,296.0,45.0,5.0,3.0
shenxian1000004,华ADJ750,2017-01-09 16:00:31,16,6.0,6.0,3.0,3.0,24.0,31.0,30.0,318.0,35.0,4.0,4.0
xiexiao1000001,华AEB132,2017-01-01 17:00:33,17,5.0,4.0,5.0,5.0,90.0,28.0,28.0,420.0,30.0,5.0,4.0
xiexiao1000001,华AEB132,2017-01-01 22:00:50,22,2.0,1.0,6.0,6.0,121.0,42.0,42.0,484.0,39.0,4.0,4.0
xiexiao1000001,华AEB132,2017-01-03 20:00:08,20,1.0,1.0,2.0,2.0,52.0,22.0,21.0,253.0,26.0,1.0,3.0
xiexiao1000001,华AEB132,2017-01-09 22:00:09,22,1.0,4.0,3.0,3.0,125.0,29.0,28.0,274.0,28.0,3.0,1.0
xiezhi1000006,华A6CU11,2017-01-01 10:00:46,10,5.0,2.0,3.0,3.0,30.0,46.0,46.0,381.0,47.0,8.0,6.0
xiezhi1000006,华A6CU11,2017-01-01 13:01:15,13,3.0,5.0,5.0,5.0,2.0,28.0,28.0,339.0,48.0,5.0,2.0
xiezhi1000006,华A6CU11,2017-01-04 19:00:04,19,4.0,4.0,2.0,2.0,6.0,38.0,38.0,364.0,45.0,7.0,7.0
zengpeng1000000,华AZQ110,2017-01-04 04:00:39,4,"",5.0,3.0,3.0,32.0,33.0,33.0,255.0,40.0,1.0,4.0
zengpeng1000000,华AZQ110,2017-01-05 16:00:14,16,7.0,7.0,1.0,1.0,52.0,25.0,25.0,335.0,46.0,6.0,1.0
zouan1000007,华A58M83,2017-01-03 18:01:34,18,5.0,2.0,3.0,3.0,2.0,40.0,39.0,422.0,34.0,2.0,1.0
zouan1000007,华A58M83,2017-01-04 22:00:02,22,5.0,6.0,6.0,6.0,44.0,48.0,48.0,434.0,42.0,9.0,4.0
zouan1000007,华A58M83,2017-01-05 21:00:00,21,5.0,5.0,1.0,1.0,2.0,43.0,42.0,443.0,41.0,4.0,3.0
duxu1000009,华AT75H8,2017-01-05 17:00:00,17,1.0,4.0,3.0,3.0,33.0,33.0,33.0,316.0,33.0,"",2.0
duxu1000009,华AT75H8,2017-01-06 20:01:26,20,4.0,2.0,3.0,3.0,21.0,41.0,41.0,321.0,38.0,4.0,2.0
hanhui1000002,华AZI419,2017-01-02 18:00:42,18,2.0,8.0,3.0,3.0,19.0,31.0,31.0,337.0,33.0,5.0,1.0
hanhui1000002,华AZI419,2017-01-05 23:00:03,23,1.0,6.0,1.0,1.0,3.0,29.0,30.0,186.0,29.0,3.0,""
hanhui1000002,华AZI419,2017-01-07 23:00:03,23,4.0,6.0,5.0,5.0,47.0,36.0,36.0,275.0,49.0,8.0,6.0
hanhui1000002,华AZI419,2017-01-08 05:00:14,5,3.0,6.0,3.0,3.0,29.0,37.0,37.0,338.0,45.0,5.0,5.0
hanhui1000002,华AZI419,2017-01-08 18:00:38,18,2.0,3.0,4.0,4.0,45.0,28.0,28.0,189.0,38.0,7.0,6.0
haowei1000008,华A709GB,2017-01-05 04:00:56,4,1.0,2.0,2.0,2.0,23.0,33.0,33.0,384.0,25.0,5.0,2.0
likun1000003,华AVM936,2017-01-01 19:00:06,19,9.0,3.0,3.0,3.0,28.0,35.0,35.0,352.0,31.0,2.0,3.0
likun1000003,华AVM936,2017-01-04 05:04:19,5,3.0,6.0,4.0,4.0,51.0,29.0,29.0,310.0,46.0,1.0,4.0
likun1000003,华AVM936,2017-01-04 23:00:48,23,4.0,8.0,4.0,4.0,33.0,38.0,37.0,332.0,40.0,5.0,9.0
panxian1000005,华AX542C,2017-01-02 19:00:41,19,6.0,4.0,4.0,4.0,48.0,38.0,38.0,364.0,35.0,4.0,1.0
panxian1000005,华AX542C,2017-01-05 18:01:08,18,3.0,3.0,5.0,5.0,21.0,34.0,34.0,213.0,35.0,3.0,4.0
panxian1000005,华AX542C,2017-01-10 00:00:19,0,3.0,1.0,4.0,4.0,8.0,31.0,31.0,262.0,48.0,1.0,3.0
panxian1000005,华AX542C,2017-01-10 05:00:26,5,11.0,3.0,1.0,1.0,2.0,33.0,33.0,282.0,48.0,5.0,7.0
shenxian1000004,华ADJ750,2017-01-03 18:04:16,18,3.0,6.0,4.0,4.0,41.0,31.0,31.0,265.0,24.0,4.0,8.0
shenxian1000004,华ADJ750,2017-01-06 01:00:18,1,4.0,6.0,3.0,3.0,19.0,40.0,40.0,489.0,46.0,4.0,4.0
shenxian1000004,华ADJ750,2017-01-08 17:01:09,17,4.0,4.0,2.0,2.0,26.0,26.0,26.0,154.0,38.0,6.0,3.0
shenxian1000004,华ADJ750,2017-01-08 20:00:36,20,6.0,4.0,1.0,1.0,0.0,30.0,31.0,405.0,32.0,6.0,5.0
xiexiao1000001,华AEB132,2017-01-05 23:00:39,23,6.0,5.0,4.0,4.0,33.0,37.0,37.0,347.0,40.0,5.0,3.0
xiexiao1000001,华AEB132,2017-01-06 02:02:00,2,3.0,3.0,3.0,3.0,5.0,34.0,34.0,536.0,33.0,2.0,6.0
xiexiao1000001,华AEB132,2017-01-06 04:01:04,4,1.0,1.0,1.0,1.0,2.0,10.0,9.0,148.0,13.0,1.0,1.0
xiexiao1000001,华AEB132,2017-01-08 22:04:05,22,4.0,1.0,1.0,1.0,36.0,34.0,34.0,326.0,40.0,2.0,2.0
xiexiao1000001,华AEB132,2017-01-10 16:00:30,16,10.0,1.0,6.0,6.0,25.0,29.0,29.0,398.0,33.0,4.0,4.0
xiezhi1000006,华A6CU11,2017-01-04 03:01:21,3,4.0,5.0,2.0,2.0,18.0,40.0,40.0,517.0,49.0,1.0,3.0
xiezhi1000006,华A6CU11,2017-01-04 22:00:42,22,1.0,10.0,4.0,4.0,17.0,32.0,32.0,281.0,42.0,4.0,6.0
xiezhi1000006,华A6CU11,2017-01-11 00:03:01,0,6.0,2.0,3.0,3.0,25.0,31.0,31.0,380.0,34.0,3.0,2.0
zengpeng1000000,华AZQ110,2017-01-02 22:00:17,22,2.0,3.0,3.0,3.0,44.0,34.0,34.0,355.0,43.0,6.0,3.0
zengpeng1000000,华AZQ110,2017-01-04 01:00:14,1,3.0,6.0,5.0,5.0,62.0,35.0,35.0,417.0,38.0,1.0,8.0
zengpeng1000000,华AZQ110,2017-01-04 08:01:06,8,3.0,1.0,1.0,1.0,4.0,28.0,28.0,395.0,38.0,6.0,1.0
zengpeng1000000,华AZQ110,2017-01-08 23:00:09,23,7.0,3.0,1.0,1.0,22.0,29.0,29.0,239.0,37.0,4.0,5.0
zengpeng1000000,华AZQ110,2017-01-09 01:00:40,1,1.0,3.0,2.0,2.0,24.0,42.0,42.0,285.0,41.0,4.0,3.0
zouan1000007,华A58M83,2017-01-07 19:00:17,19,4.0,7.0,2.0,2.0,3.0,34.0,34.0,234.0,44.0,9.0,3.0
zouan1000007,华A58M83,2017-01-08 19:00:38,19,2.0,4.0,3.0,3.0,18.0,34.0,34.0,479.0,36.0,2.0,4.0
zouan1000007,华A58M83,2017-01-09 19:00:13,19,3.0,3.0,3.0,3.0,9.0,44.0,44.0,368.0,41.0,7.0,5.0
duxu1000009,华AT75H8,2017-01-01 09:00:04,9,1.0,4.0,"","","",33.0,34.0,304.0,39.0,5.0,2.0
duxu1000009,华AT75H8,2017-01-03 21:00:22,21,5.0,9.0,4.0,4.0,44.0,38.0,39.0,327.0,38.0,2.0,2.0
duxu1000009,华AT75H8,2017-01-04 02:00:11,2,3.0,6.0,6.0,6.0,30.0,27.0,27.0,311.0,40.0,5.0,4.0
duxu1000009,华AT75H8,2017-01-05 21:00:45,21,4.0,7.0,4.0,4.0,61.0,42.0,42.0,392.0,48.0,3.0,1.0
duxu1000009,华AT75H8,2017-01-08 18:00:31,18,6.0,2.0,4.0,4.0,40.0,28.0,28.0,277.0,52.0,8.0,3.0
hanhui1000002,华AZI419,2017-01-01 08:00:32,8,9.0,5.0,5.0,5.0,19.0,24.0,24.0,342.0,48.0,3.0,2.0
hanhui1000002,华AZI419,2017-01-06 20:00:08,20,3.0,9.0,6.0,6.0,70.0,29.0,29.0,246.0,44.0,4.0,8.0
hanhui1000002,华AZI419,2017-01-06 21:00:11,21,2.0,8.0,1.0,1.0,3.0,45.0,45.0,379.0,39.0,6.0,3.0
hanhui1000002,华AZI419,2017-01-07 04:01:39,4,1.0,"",2.0,2.0,3.0,17.0,17.0,192.0,19.0,1.0,2.0
hanhui1000002,华AZI419,2017-01-09 05:01:07,5,5.0,6.0,3.0,3.0,19.0,35.0,35.0,234.0,34.0,3.0,2.0
hanhui1000002,华AZI419,2017-01-11 00:01:53,0,7.0,2.0,1.0,1.0,5.0,30.0,30.0,234.0,40.0,4.0,4.0
hanhui1000002,华AZI419,2017-01-11 03:00:06,3,2.0,1.0,6.0,6.0,94.0,42.0,42.0,326.0,48.0,7.0,5.0
haowei1000008,华A709GB,2017-01-08 00:00:18,0,3.0,3.0,2.0,2.0,2.0,29.0,29.0,202.0,39.0,3.0,3.0
likun1000003,华AVM936,2017-01-01 17:00:06,17,1.0,4.0,3.0,3.0,50.0,38.0,38.0,364.0,33.0,4.0,3.0
likun1000003,华AVM936,2017-01-04 20:01:16,20,3.0,6.0,5.0,5.0,62.0,37.0,37.0,307.0,36.0,6.0,5.0
likun1000003,华AVM936,2017-01-05 18:00:04,18,3.0,1.0,4.0,4.0,71.0,35.0,36.0,325.0,29.0,8.0,4.0
likun1000003,华AVM936,2017-01-05 20:00:56,20,2.0,4.0,3.0,3.0,23.0,37.0,37.0,376.0,37.0,4.0,7.0
panxian1000005,华AX542C,2017-01-01 10:00:01,10,4.0,3.0,3.0,3.0,63.0,32.0,33.0,382.0,56.0,3.0,5.0
panxian1000005,华AX542C,2017-01-02 17:00:03,17,4.0,2.0,4.0,4.0,8.0,35.0,35.0,451.0,41.0,4.0,6.0
panxian1000005,华AX542C,2017-01-05 17:01:25,17,6.0,7.0,3.0,3.0,9.0,36.0,36.0,386.0,34.0,"",1.0
panxian1000005,华AX542C,2017-01-06 03:00:23,3,2.0,9.0,5.0,5.0,31.0,32.0,32.0,317.0,39.0,5.0,5.0
panxian1000005,华AX542C,2017-01-10 19:00:22,19,2.0,2.0,5.0,5.0,95.0,30.0,30.0,175.0,42.0,6.0,4.0
xiexiao1000001,华AEB132,2017-01-02 21:00:34,21,4.0,2.0,8.0,8.0,66.0,39.0,39.0,396.0,34.0,6.0,1.0
xiexiao1000001,华AEB132,2017-01-05 22:00:11,22,3.0,3.0,5.0,5.0,44.0,40.0,41.0,313.0,45.0,3.0,3.0
xiezhi1000006,华A6CU11,2017-01-03 21:00:10,21,1.0,8.0,4.0,4.0,55.0,28.0,28.0,349.0,37.0,5.0,3.0
xiezhi1000006,华A6CU11,2017-01-06 19:00:37,19,6.0,4.0,3.0,3.0,56.0,29.0,29.0,214.0,45.0,6.0,6.0
xiezhi1000006,华A6CU11,2017-01-11 06:00:00,6,3.0,2.0,2.0,2.0,10.0,33.0,33.0,301.0,33.0,4.0,""
zengpeng1000000,华AZQ110,2017-01-02 17:00:27,17,7.0,3.0,"","","",48.0,48.0,328.0,37.0,3.0,5.0
zengpeng1000000,华AZQ110,2017-01-03 22:00:14,22,5.0,9.0,2.0,2.0,52.0,33.0,33.0,374.0,41.0,8.0,5.0
zengpeng1000000,华AZQ110,2017-01-04 06:00:40,6,2.0,2.0,3.0,3.0,11.0,40.0,40.0,414.0,44.0,4.0,8.0
zengpeng1000000,华AZQ110,2017-01-04 09:00:26,9,4.0,5.0,4.0,4.0,22.0,32.0,32.0,296.0,36.0,4.0,4.0
zengpeng1000000,华AZQ110,2017-01-07 17:00:11,17,3.0,5.0,4.0,4.0,9.0,38.0,38.0,282.0,35.0,3.0,7.0
zengpeng1000000,华AZQ110,2017-01-08 19:01:24,19,2.0,4.0,4.0,4.0,6.0,29.0,29.0,312.0,46.0,2.0,2.0
zengpeng1000000,华AZQ110,2017-01-08 20:00:03,20,5.0,8.0,5.0,5.0,96.0,36.0,36.0,253.0,34.0,6.0,1.0
zengpeng1000000,华AZQ110,2017-01-10 19:00:28,19,5.0,3.0,3.0,3.0,29.0,33.0,33.0,260.0,43.0,4.0,8.0
zouan1000007,华A58M83,2017-01-06 22:00:13,22,5.0,6.0,4.0,4.0,11.0,32.0,32.0,326.0,43.0,5.0,5.0
duxu1000009,华AT75H8,2017-01-01 19:00:05,19,4.0,5.0,6.0,6.0,21.0,29.0,29.0,384.0,35.0,3.0,3.0
duxu1000009,华AT75H8,2017-01-02 20:02:23,20,3.0,2.0,5.0,5.0,71.0,32.0,32.0,213.0,48.0,1.0,1.0
duxu1000009,华AT75H8,2017-01-02 22:00:00,22,3.0,3.0,3.0,3.0,4.0,28.0,28.0,331.0,44.0,3.0,3.0
duxu1000009,华AT75H8,2017-01-03 00:02:00,0,5.0,3.0,4.0,4.0,37.0,24.0,24.0,191.0,30.0,2.0,2.0
duxu1000009,华AT75H8,2017-01-07 00:00:00,0,4.0,6.0,6.0,6.0,4.0,35.0,35.0,350.0,31.0,10.0,2.0
duxu1000009,华AT75H8,2017-01-09 16:00:07,16,3.0,2.0,2.0,2.0,3.0,38.0,38.0,296.0,39.0,5.0,8.0
hanhui1000002,华AZI419,2017-01-07 18:00:26,18,2.0,3.0,4.0,4.0,28.0,38.0,38.0,282.0,55.0,6.0,4.0
hanhui1000002,华AZI419,2017-01-09 00:00:33,0,4.0,7.0,6.0,6.0,5.0,35.0,35.0,317.0,44.0,2.0,6.0
haowei1000008,华A709GB,2017-01-04 20:01:27,20,7.0,6.0,5.0,5.0,80.0,37.0,37.0,243.0,34.0,1.0,4.0
likun1000003,华AVM936,2017-01-02 21:00:00,21,6.0,7.0,"","","",39.0,39.0,372.0,43.0,2.0,9.0
likun1000003,华AVM936,2017-01-03 18:00:54,18,3.0,3.0,"","","",35.0,35.0,278.0,41.0,4.0,3.0
likun1000003,华AVM936,2017-01-04 16:00:07,16,6.0,3.0,1.0,1.0,1.0,35.0,35.0,297.0,47.0,3.0,2.0
likun1000003,华AVM936,2017-01-05 17:01:22,17,1.0,6.0,2.0,2.0,18.0,32.0,31.0,237.0,38.0,3.0,3.0
likun1000003,华AVM936,2017-01-09 01:00:46,1,5.0,5.0,3.0,3.0,36.0,39.0,39.0,271.0,41.0,4.0,4.0
likun1000003,华AVM936,2017-01-10 22:02:01,22,8.0,4.0,2.0,2.0,11.0,32.0,32.0,296.0,37.0,3.0,1.0
likun1000003,华AVM936,2017-01-11 03:02:41,3,3.0,3.0,4.0,4.0,55.0,38.0,38.0,352.0,36.0,6.0,3.0
panxian1000005,华AX542C,2017-01-04 04:01:13,4,3.0,2.0,4.0,4.0,96.0,31.0,31.0,224.0,30.0,4.0,4.0
panxian1000005,华AX542C,2017-01-05 16:02:02,16,3.0,3.0,1.0,1.0,5.0,31.0,31.0,285.0,39.0,3.0,3.0
shenxian1000004,华ADJ750,2017-01-01 09:01:28,9,6.0,6.0,4.0,4.0,82.0,21.0,21.0,210.0,34.0,4.0,2.0
shenxian1000004,华ADJ750,2017-01-02 20:00:10,20,2.0,3.0,3.0,3.0,7.0,35.0,35.0,325.0,48.0,3.0,4.0
shenxian1000004,华ADJ750,2017-01-06 04:00:52,4,3.0,2.0,4.0,4.0,11.0,23.0,23.0,248.0,41.0,6.0,4.0
shenxian1000004,华ADJ750,2017-01-08 01:00:37,1,3.0,5.0,4.0,4.0,46.0,34.0,34.0,483.0,51.0,3.0,9.0
shenxian1000004,华ADJ750,2017-01-10 21:00:01,21,4.0,6.0,5.0,5.0,19.0,31.0,31.0,272.0,27.0,2.0,5.0
shenxian1000004,华ADJ750,2017-01-11 06:01:04,6,9.0,7.0,2.0,2.0,11.0,31.0,31.0,325.0,38.0,2.0,4.0
xiexiao1000001,华AEB132,2017-01-01 08:01:50,8,3.0,2.0,1.0,1.0,53.0,30.0,30.0,301.0,41.0,2.0,1.0
xiexiao1000001,华AEB132,2017-01-01 14:00:47,14,2.0,1.0,5.0,5.0,31.0,30.0,30.0,284.0,46.0,4.0,2.0
xiexiao1000001,华AEB132,2017-01-08 17:00:08,17,1.0,3.0,5.0,5.0,47.0,38.0,38.0,385.0,47.0,3.0,3.0
xiexiao1000001,华AEB132,2017-01-09 20:00:05,20,5.0,6.0,1.0,1.0,19.0,25.0,25.0,199.0,45.0,8.0,4.0
xiezhi1000006,华A6CU11,2017-01-04 04:01:08,4,4.0,5.0,2.0,2.0,3.0,35.0,34.0,335.0,45.0,2.0,2.0
xiezhi1000006,华A6CU11,2017-01-07 01:00:05,1,4.0,4.0,5.0,5.0,59.0,37.0,38.0,258.0,45.0,3.0,3.0
zengpeng1000000,华AZQ110,2017-01-06 21:00:41,21,4.0,4.0,4.0,4.0,60.0,31.0,31.0,340.0,39.0,4.0,2.0
zengpeng1000000,华AZQ110,2017-01-10 22:00:31,22,5.0,8.0,3.0,3.0,6.0,30.0,30.0,187.0,48.0,"",7.0
zouan1000007,华A58M83,2017-01-02 17:00:55,17,4.0,3.0,3.0,3.0,9.0,40.0,40.0,313.0,50.0,6.0,5.0
zouan1000007,华A58M83,2017-01-05 01:00:45,1,2.0,7.0,2.0,2.0,4.0,32.0,32.0,355.0,31.0,2.0,1.0
zouan1000007,华A58M83,2017-01-05 02:00:09,2,6.0,6.0,2.0,2.0,2.0,35.0,35.0,393.0,45.0,4.0,9.0
zouan1000007,华A58M83,2017-01-10 07:00:31,7,2.0,7.0,8.0,8.0,134.0,32.0,31.0,232.0,23.0,6.0,2.0
duxu1000009,华AT75H8,2017-01-01 20:00:09,20,5.0,8.0,4.0,4.0,50.0,34.0,33.0,349.0,37.0,7.0,2.0
duxu1000009,华AT75H8,2017-01-02 17:00:28,17,1.0,4.0,2.0,2.0,3.0,23.0,23.0,233.0,29.0,3.0,5.0
duxu1000009,华AT75H8,2017-01-03 19:00:22,19,4.0,9.0,3.0,3.0,8.0,35.0,35.0,291.0,43.0,7.0,6.0
duxu1000009,华AT75H8,2017-01-07 01:00:18,1,3.0,3.0,3.0,3.0,28.0,30.0,30.0,355.0,32.0,2.0,8.0
duxu1000009,华AT75H8,2017-01-07 16:01:39,16,1.0,4.0,2.0,2.0,42.0,32.0,32.0,290.0,34.0,4.0,6.0
duxu1000009,华AT75H8,2017-01-09 17:00:44,17,6.0,7.0,3.0,3.0,28.0,32.0,32.0,334.0,45.0,5.0,3.0
hanhui1000002,华AZI419,2017-01-01 17:00:19,17,4.0,10.0,2.0,2.0,0.0,33.0,33.0,236.0,46.0,3.0,3.0
hanhui1000002,华AZI419,2017-01-07 00:00:15,0,3.0,1.0,1.0,1.0,6.0,41.0,40.0,415.0,57.0,2.0,2.0
hanhui1000002,华AZI419,2017-01-07 02:00:02,2,1.0,8.0,3.0,3.0,45.0,33.0,33.0,263.0,40.0,7.0,9.0
haowei1000008,华A709GB,2017-01-05 00:00:13,0,3.0,4.0,1.0,1.0,4.0,33.0,33.0,405.0,46.0,4.0,4.0
haowei1000008,华A709GB,2017-01-07 23:02:16,23,5.0,7.0,6.0,6.0,25.0,41.0,41.0,453.0,36.0,3.0,3.0
haowei1000008,华A709GB,2017-01-10 04:00:23,4,3.0,3.0,1.0,1.0,5.0,28.0,28.0,333.0,48.0,10.0,2.0
haowei1000008,华A709GB,2017-01-10 19:00:26,19,7.0,9.0,3.0,3.0,57.0,38.0,38.0,445.0,40.0,5.0,4.0
haowei1000008,华A709GB,2017-01-11 00:01:07,0,5.0,4.0,3.0,3.0,86.0,31.0,31.0,305.0,44.0,4.0,2.0
likun1000003,华AVM936,2017-01-03 16:00:04,16,4.0,1.0,4.0,4.0,54.0,37.0,37.0,572.0,44.0,3.0,""
likun1000003,华AVM936,2017-01-03 21:00:11,21,6.0,1.0,4.0,4.0,28.0,31.0,30.0,252.0,31.0,5.0,1.0
likun1000003,华AVM936,2017-01-04 00:00:25,0,4.0,4.0,1.0,1.0,2.0,33.0,33.0,290.0,47.0,2.0,6.0
likun1000003,华AVM936,2017-01-04 19:00:25,19,4.0,10.0,6.0,6.0,141.0,40.0,40.0,496.0,43.0,7.0,6.0
likun1000003,华AVM936,2017-01-08 18:00:42,18,5.0,2.0,4.0,4.0,53.0,27.0,27.0,243.0,36.0,3.0,6.0
likun1000003,华AVM936,2017-01-11 04:00:53,4,1.0,3.0,2.0,2.0,33.0,13.0,13.0,118.0,14.0,2.0,3.0
panxian1000005,华AX542C,2017-01-04 06:00:37,6,1.0,"","","","",7.0,6.0,49.0,10.0,3.0,2.0
panxian1000005,华AX542C,2017-01-07 16:00:49,16,4.0,4.0,2.0,2.0,6.0,30.0,30.0,314.0,33.0,4.0,4.0
panxian1000005,华AX542C,2017-01-08 18:01:56,18,7.0,6.0,4.0,4.0,41.0,40.0,40.0,310.0,44.0,2.0,6.0
shenxian1000004,华ADJ750,2017-01-06 09:00:28,9,3.0,5.0,4.0,4.0,28.0,32.0,32.0,319.0,39.0,6.0,""
xiexiao1000001,华AEB132,2017-01-02 23:01:08,23,5.0,5.0,8.0,8.0,58.0,29.0,29.0,209.0,48.0,5.0,7.0
xiexiao1000001,华AEB132,2017-01-08 19:00:30,19,3.0,5.0,4.0,4.0,33.0,31.0,31.0,320.0,50.0,5.0,2.0
xiexiao1000001,华AEB132,2017-01-09 16:02:02,16,3.0,6.0,"","","",42.0,42.0,322.0,41.0,6.0,4.0
xiezhi1000006,华A6CU11,2017-01-03 19:00:06,19,5.0,5.0,4.0,4.0,50.0,29.0,29.0,227.0,44.0,7.0,4.0
xiezhi1000006,华A6CU11,2017-01-04 18:00:45,18,5.0,5.0,2.0,2.0,11.0,31.0,31.0,277.0,28.0,3.0,7.0
xiezhi1000006,华A6CU11,2017-01-09 17:00:17,17,"",8.0,3.0,3.0,8.0,41.0,41.0,320.0,42.0,3.0,3.0
xiezhi1000006,华A6CU11,2017-01-11 04:00:28,4,1.0,7.0,3.0,3.0,10.0,42.0,42.0,385.0,51.0,2.0,3.0
zengpeng1000000,华AZQ110,2017-01-07 18:01:22,18,3.0,4.0,2.0,2.0,7.0,31.0,31.0,314.0,42.0,4.0,4.0
zouan1000007,华A58M83,2017-01-03 21:00:18,21,8.0,7.0,5.0,5.0,40.0,39.0,39.0,343.0,35.0,5.0,5.0
zouan1000007,华A58M83,2017-01-06 21:01:48,21,3.0,3.0,5.0,5.0,66.0,32.0,32.0,212.0,37.0,6.0,3.0
zouan1000007,华A58M83,2017-01-08 20:01:36,20,4.0,4.0,2.0,2.0,0.0,32.0,32.0,428.0,41.0,3.0,8.0
zouan1000007,华A58M83,2017-01-09 17:00:14,17,3.0,2.0,3.0,3.0,12.0,32.0,32.0,397.0,38.0,2.0,1.0
duxu1000009,华AT75H8,2017-01-01 13:02:52,13,3.0,5.0,4.0,4.0,7.0,27.0,27.0,393.0,26.0,5.0,3.0
duxu1000009,华AT75H8,2017-01-01 16:00:39,16,1.0,4.0,4.0,4.0,16.0,35.0,35.0,294.0,39.0,7.0,4.0
duxu1000009,华AT75H8,2017-01-05 18:00:13,18,6.0,5.0,5.0,5.0,82.0,26.0,26.0,243.0,36.0,1.0,2.0
duxu1000009,华AT75H8,2017-01-06 17:00:22,17,5.0,2.0,7.0,7.0,46.0,31.0,32.0,395.0,32.0,4.0,4.0
hanhui1000002,华AZI419,2017-01-01 14:00:19,14,"",4.0,3.0,3.0,11.0,46.0,46.0,469.0,43.0,4.0,4.0
hanhui1000002,华AZI419,2017-01-06 16:00:26,16,7.0,4.0,5.0,5.0,3.0,31.0,31.0,238.0,35.0,3.0,""
hanhui1000002,华AZI419,2017-01-11 07:01:52,7,2.0,2.0,2.0,2.0,20.0,13.0,13.0,137.0,24.0,4.0,4.0
haowei1000008,华A709GB,2017-01-04 21:00:45,21,2.0,8.0,4.0,4.0,24.0,33.0,33.0,263.0,41.0,8.0,7.0
haowei1000008,华A709GB,2017-01-08 21:01:44,21,1.0,1.0,3.0,3.0,10.0,24.0,24.0,171.0,39.0,4.0,2.0
haowei1000008,华A709GB,2017-01-09 19:00:14,19,4.0,3.0,2.0,2.0,24.0,39.0,39.0,276.0,38.0,3.0,5.0
likun1000003,华AVM936,2017-01-01 13:00:45,13,1.0,3.0,3.0,3.0,3.0,41.0,41.0,408.0,48.0,7.0,3.0
likun1000003,华AVM936,2017-01-05 19:00:02,19,5.0,5.0,"","","",37.0,37.0,499.0,37.0,5.0,9.0
likun1000003,华AVM936,2017-01-10 23:00:13,23,6.0,"",1.0,1.0,36.0,31.0,31.0,495.0,44.0,6.0,5.0
panxian1000005,华AX542C,2017-01-03 20:00:32,20,3.0,2.0,1.0,1.0,11.0,24.0,23.0,188.0,41.0,3.0,8.0
panxian1000005,华AX542C,2017-01-04 00:00:33,0,2.0,8.0,3.0,3.0,61.0,28.0,28.0,142.0,30.0,5.0,2.0
panxian1000005,华AX542C,2017-01-05 22:01:34,22,2.0,2.0,2.0,2.0,0.0,38.0,38.0,266.0,49.0,2.0,1.0
panxian1000005,华AX542C,2017-01-06 01:00:07,1,4.0,3.0,4.0,4.0,10.0,32.0,32.0,253.0,54.0,3.0,3.0
panxian1000005,华AX542C,2017-01-10 01:01:57,1,3.0,4.0,"","","",33.0,33.0,236.0,23.0,3.0,3.0
shenxian1000004,华ADJ750,2017-01-02 21:01:34,21,3.0,3.0,6.0,6.0,46.0,38.0,38.0,421.0,36.0,3.0,4.0
shenxian1000004,华ADJ750,2017-01-03 19:00:42,19,2.0,2.0,5.0,5.0,32.0,29.0,29.0,238.0,40.0,3.0,2.0
shenxian1000004,华ADJ750,2017-01-03 21:00:16,21,5.0,4.0,4.0,4.0,114.0,34.0,34.0,252.0,34.0,6.0,5.0
shenxian1000004,华ADJ750,2017-01-06 06:00:12,6,3.0,6.0,3.0,3.0,13.0,35.0,35.0,357.0,31.0,5.0,5.0
shenxian1000004,华ADJ750,2017-01-08 00:00:12,0,6.0,3.0,1.0,1.0,7.0,39.0,39.0,399.0,44.0,2.0,5.0
shenxian1000004,华ADJ750,2017-01-09 19:00:07,19,3.0,5.0,5.0,5.0,9.0,33.0,33.0,356.0,38.0,4.0,4.0
xiexiao1000001,华AEB132,2017-01-01 12:00:45,12,5.0,6.0,3.0,3.0,12.0,29.0,29.0,170.0,38.0,3.0,3.0
xiexiao1000001,华AEB132,2017-01-08 18:00:25,18,3.0,6.0,3.0,3.0,7.0,34.0,34.0,392.0,26.0,8.0,3.0
xiezhi1000006,华A6CU11,2017-01-09 16:00:29,16,2.0,4.0,4.0,4.0,38.0,34.0,34.0,297.0,35.0,8.0,3.0
zengpeng1000000,华AZQ110,2017-01-01 09:01:40,9,"",3.0,"","","",36.0,35.0,309.0,38.0,"",8.0
zengpeng1000000,华AZQ110,2017-01-04 02:00:25,2,9.0,4.0,6.0,6.0,56.0,35.0,35.0,280.0,55.0,1.0,5.0
zengpeng1000000,华AZQ110,2017-01-06 17:03:13,17,3.0,5.0,6.0,6.0,125.0,33.0,33.0,262.0,28.0,1.0,3.0
zengpeng1000000,华AZQ110,2017-01-06 20:00:46,20,4.0,6.0,3.0,3.0,1.0,32.0,32.0,237.0,42.0,2.0,5.0
zengpeng1000000,华AZQ110,2017-01-08 16:00:16,16,3.0,5.0,2.0,2.0,32.0,38.0,38.0,390.0,38.0,4.0,2.0
zouan1000007,华A58M83,2017-01-01 10:00:08,10,1.0,5.0,3.0,3.0,20.0,28.0,28.0,260.0,46.0,1.0,3.0
zouan1000007,华A58M83,2017-01-03 16:00:32,16,3.0,2.0,5.0,5.0,68.0,38.0,38.0,279.0,38.0,7.0,9.0
zouan1000007,华A58M83,2017-01-08 17:00:06,17,8.0,7.0,2.0,2.0,5.0,41.0,41.0,463.0,31.0,4.0,1.0
duxu1000009,华AT75H8,2017-01-01 12:00:06,12,3.0,2.0,4.0,4.0,40.0,38.0,38.0,302.0,34.0,1.0,5.0
duxu1000009,华AT75H8,2017-01-03 01:00:12,1,4.0,5.0,5.0,5.0,40.0,43.0,43.0,451.0,56.0,4.0,3.0
duxu1000009,华AT75H8,2017-01-03 02:00:22,2,"","",1.0,1.0,17.0,5.0,5.0,82.0,7.0,"",""
duxu1000009,华AT75H8,2017-01-06 23:00:07,23,7.0,2.0,6.0,6.0,59.0,31.0,31.0,325.0,44.0,4.0,5.0
hanhui1000002,华AZI419,2017-01-05 16:04:36,16,4.0,3.0,1.0,1.0,1.0,26.0,26.0,322.0,35.0,4.0,1.0
hanhui1000002,华AZI419,2017-01-05 22:00:02,22,4.0,2.0,2.0,2.0,6.0,44.0,44.0,331.0,47.0,1.0,1.0
hanhui1000002,华AZI419,2017-01-08 01:00:08,1,1.0,6.0,5.0,5.0,45.0,39.0,38.0,451.0,35.0,8.0,5.0
likun1000003,华AVM936,2017-01-01 16:00:06,16,2.0,4.0,6.0,6.0,19.0,36.0,36.0,205.0,55.0,3.0,3.0
likun1000003,华AVM936,2017-01-03 23:00:55,23,3.0,3.0,9.0,9.0,92.0,35.0,35.0,284.0,45.0,3.0,2.0
likun1000003,华AVM936,2017-01-04 01:01:12,1,1.0,"",3.0,3.0,9.0,28.0,28.0,251.0,42.0,2.0,5.0
likun1000003,华AVM936,2017-01-04 03:01:37,3,6.0,6.0,2.0,2.0,19.0,46.0,46.0,475.0,45.0,3.0,2.0
likun1000003,华AVM936,2017-01-10 17:01:40,17,3.0,5.0,2.0,2.0,3.0,32.0,32.0,295.0,40.0,1.0,9.0
likun1000003,华AVM936,2017-01-11 02:00:03,2,3.0,3.0,1.0,1.0,5.0,39.0,39.0,270.0,37.0,4.0,4.0
panxian1000005,华AX542C,2017-01-01 11:01:20,11,4.0,5.0,5.0,5.0,35.0,36.0,35.0,357.0,40.0,4.0,8.0
panxian1000005,华AX542C,2017-01-04 20:01:18,20,2.0,8.0,2.0,2.0,12.0,37.0,37.0,362.0,50.0,8.0,3.0
panxian1000005,华AX542C,2017-01-06 04:00:33,4,"","","","","",1.0,1.0,2.0,1.0,"",1.0
panxian1000005,华AX542C,2017-01-08 16:01:46,16,6.0,7.0,2.0,2.0,34.0,35.0,35.0,397.0,22.0,3.0,4.0
panxian1000005,华AX542C,2017-01-09 03:00:04,3,3.0,4.0,5.0,5.0,45.0,36.0,36.0,293.0,38.0,3.0,5.0
shenxian1000004,华ADJ750,2017-01-03 00:00:07,0,5.0,3.0,7.0,6.0,67.0,31.0,32.0,335.0,48.0,5.0,5.0
shenxian1000004,华ADJ750,2017-01-11 01:00:10,1,5.0,2.0,2.0,2.0,11.0,35.0,35.0,386.0,42.0,3.0,5.0
shenxian1000004,华ADJ750,2017-01-11 02:01:05,2,3.0,4.0,2.0,2.0,40.0,34.0,34.0,264.0,39.0,7.0,6.0
xiexiao1000001,华AEB132,2017-01-08 21:00:02,21,3.0,7.0,3.0,3.0,77.0,39.0,39.0,333.0,38.0,4.0,3.0
xiexiao1000001,华AEB132,2017-01-09 21:00:10,21,5.0,3.0,5.0,5.0,73.0,33.0,33.0,437.0,32.0,1.0,4.0
xiezhi1000006,华A6CU11,2017-01-03 17:00:39,17,4.0,4.0,1.0,1.0,0.0,31.0,31.0,289.0,35.0,3.0,1.0
xiezhi1000006,华A6CU11,2017-01-11 01:00:02,1,5.0,6.0,5.0,5.0,87.0,24.0,24.0,267.0,30.0,6.0,3.0
xiezhi1000006,华A6CU11,2017-01-11 05:00:04,5,1.0,5.0,9.0,9.0,38.0,29.0,29.0,166.0,30.0,4.0,4.0
zengpeng1000000,华AZQ110,2017-01-01 11:00:17,11,4.0,5.0,4.0,4.0,69.0,36.0,35.0,275.0,47.0,1.0,5.0
zengpeng1000000,华AZQ110,2017-01-02 20:00:52,20,5.0,3.0,3.0,3.0,48.0,33.0,33.0,396.0,44.0,3.0,1.0
zengpeng1000000,华AZQ110,2017-01-03 21:00:52,21,5.0,4.0,4.0,4.0,34.0,37.0,37.0,397.0,32.0,4.0,4.0
zouan1000007,华A58M83,2017-01-01 08:00:12,8,3.0,4.0,7.0,7.0,11.0,30.0,30.0,292.0,36.0,4.0,6.0
zouan1000007,华A58M83,2017-01-02 18:00:19,18,5.0,8.0,6.0,6.0,88.0,35.0,35.0,259.0,43.0,2.0,4.0
zouan1000007,华A58M83,2017-01-07 16:01:15,16,3.0,6.0,5.0,5.0,82.0,49.0,49.0,410.0,39.0,2.0,1.0
zouan1000007,华A58M83,2017-01-08 03:00:20,3,6.0,4.0,8.0,8.0,146.0,32.0,32.0,379.0,40.0,11.0,3.0
zouan1000007,华A58M83,2017-01-08 21:00:09,21,3.0,3.0,4.0,4.0,11.0,33.0,33.0,260.0,34.0,8.0,7.0
duxu1000009,华AT75H8,2017-01-04 08:00:03,8,"",5.0,"","","",15.0,15.0,123.0,17.0,2.0,4.0
hanhui1000002,华AZI419,2017-01-04 17:01:25,17,4.0,6.0,4.0,4.0,19.0,36.0,35.0,283.0,39.0,9.0,3.0
hanhui1000002,华AZI419,2017-01-09 08:00:43,8,2.0,5.0,2.0,2.0,5.0,29.0,29.0,127.0,24.0,1.0,1.0
haowei1000008,华A709GB,2017-01-06 17:00:05,17,10.0,2.0,2.0,2.0,6.0,30.0,30.0,372.0,33.0,3.0,4.0
haowei1000008,华A709GB,2017-01-10 01:00:11,1,1.0,6.0,5.0,5.0,117.0,33.0,32.0,393.0,36.0,"",2.0
haowei1000008,华A709GB,2017-01-10 18:02:11,18,4.0,5.0,2.0,2.0,4.0,25.0,25.0,295.0,46.0,7.0,3.0
likun1000003,华AVM936,2017-01-09 22:00:01,22,2.0,1.0,"","","",21.0,21.0,198.0,23.0,3.0,4.0
likun1000003,华AVM936,2017-01-10 21:01:24,21,5.0,4.0,2.0,2.0,5.0,36.0,36.0,310.0,46.0,3.0,2.0
panxian1000005,华AX542C,2017-01-10 20:00:55,20,9.0,8.0,4.0,4.0,14.0,32.0,32.0,280.0,45.0,4.0,1.0
shenxian1000004,华ADJ750,2017-01-05 20:00:21,20,5.0,6.0,6.0,6.0,40.0,40.0,40.0,377.0,42.0,3.0,2.0
shenxian1000004,华ADJ750,2017-01-11 04:01:09,4,1.0,4.0,3.0,3.0,18.0,38.0,38.0,412.0,41.0,3.0,4.0
xiexiao1000001,华AEB132,2017-01-02 20:00:03,20,6.0,2.0,2.0,2.0,31.0,38.0,38.0,357.0,47.0,1.0,5.0
xiezhi1000006,华A6CU11,2017-01-03 22:00:17,22,2.0,3.0,5.0,5.0,62.0,24.0,24.0,140.0,39.0,3.0,3.0
zengpeng1000000,华AZQ110,2017-01-04 07:00:55,7,8.0,3.0,3.0,3.0,26.0,31.0,31.0,310.0,35.0,3.0,1.0
zouan1000007,华A58M83,2017-01-09 00:00:41,0,5.0,5.0,2.0,2.0,5.0,40.0,40.0,376.0,41.0,3.0,5.0
